MULTI_SEL_DESC;§GSHIFT+LMB§! para escolher várias unidades da seleção atual.;;§GSHIFT+LMT§!, um mehrere Einheiten in der momentanen Auswahl auszuwählen.;;;;;;;;x;;;;
SM_DETAILS;Detalhes;;Details;;;;;;;;x;;;;
DISBAND_ALL;Dissolver todas as unidades seleccionadas;;Alle ausgewählten Einheiten auflösen;;;;;;;;x;;;;
DISBAND_ALL_TITLE;Desmantelar todas as unidades;;Alle Einheiten auflösen;;;;;;;;x;;;;
DISBAND_ALL_DESC;Você tem certeza que quer §RDISBAND§! §Y$NUM$§! unidades?;;Seid Ihr sicher, dass Ihr §Y$NUM$§! Einheiten §RAUFLÖSEN§! wollt?;;;;;;;;x;;;;
DATE_DIFF_A;$Y$ anos, $M$ meses e $D$ dias;;$Y$ Jahre, $M$ Monat) und $D$ Tage;;;;;;;;x;;;;
DATE_DIFF_B;$M$ meses e $D$ dias;;$M$ Monate und $D$ Tage;;;;;;;;x;;;;
DATE_DIFF_C;$D$ dias;;$D$ Tage;;;;;;;;x;;;;
torpedo_attacks;Ataques de Torpedo;;Torpedo-Angriffe;;;;;;;;x;;;;
TORPEDO_ATTACK;Ataque de Torpedo;;Torpedo-Angriff;;;;;;;;x;;;;
TORPEDO_ATTACK_DESC;Ataques de torpedos causam dano extra contra navios maiores.;;Torpedo-Angriffe richten gegen größere Schiffe mehr Schaden an.;;;;;;;;x;;;;
NAVAL_COMBAT_STACK_PENALTY_DESC;§YCoordination penalty §R$PEN$%§Y caused by poor communication in the fleet, it makes it more difficult for our ships to find targets. Affected by amount of our ships and potential targets.§!;;§YKoordinations-Malus §R$PEN$%§Y, der durch mangelhafte Kommunikation in der Flotte verursacht wird, wodurch es für unsere Schiffe schwieriger ist, Ziele zu finden. Wird durch die Schiffsanzahl und mögliche Ziele beeinflusst.§!;;;;;;;;x;;;;
BP_TAB_CURRENT;Planos Atuais;;Aktuelle Pläne;;;;;;;;;;x;;
BP_TAB_HISTORICAL;Planos Históricos;;Historische Pläne;;;;;;;;;;x;;
BP_TOOL_COLOR_RED;Vermelho;;Rot;;;;;;;;;;x;;
BP_TOOL_COLOR_GREEN;Verde;;Grün;;;;;;;;;;x;;
BP_TOOL_COLOR_BLUE;Azul;;Blau;;;;;;;;;;x;;
BP_TOOL_COLOR_YELLOW;Amarelo;;Gelb;;;;;;;;;;x;;
BP_TOOL_ARROW_SLIM;Slim Arrow;;Dünner Pfeil;;;;;;;;;;x;;
BP_TOOL_ARROW_MEDIUM_1;Medium Arrow 1;;Mittelgroßer Pfeil 1;;;;;;;;;;x;;
BP_TOOL_ARROW_MEDIUM_2;Medium Arrow 2;;Mittelgroßer Pfeil 2;;;;;;;;;;x;;
BP_TOOL_ARROW_MEDIUM_3;Medium Arrow 3;;Mittelgroßer Pfeil 3;;;;;;;;;;x;;
BP_TOOL_ARROW_THICK;Thick Arrow;;Dicker Pfeil;;;;;;;;;;x;;
BP_TOOL_BORDER_1;Border type 1;;Grenztyp 1;;;;;;;;;;x;;
BP_TOOL_BORDER_2;Border type 2;;Grenztyp 2;;;;;;;;;;x;;
BP_TOOL_BORDER_3;Border type 3;;Grenztyp 3;;;;;;;;;;x;;
BP_TOOL_BORDER_4;Border type 4;;Grenztyp 4;;;;;;;;;;x;;
BP_TOOL_BORDER_5;Border type 5;;Grenztyp 5;;;;;;;;;;x;;
BP_TOOL_ICON_AIRPLANE;Ícone de Avião;;Flugzeug-Symbol;;;;;;;;;;x;;
BP_TOOL_ICON_TANK;Ícone de Tanque;;Panzer-Symbol;;;;;;;;;;x;;
BP_TOOL_ICON_BOMB_1;Ícone de Bomba Pequena;;Kleine Bombe-Symbol;;;;;;;;;;x;;
BP_TOOL_ICON_BOMB_2;Ícone de Bomba Grande;;Große Bombe-Symbol;;;;;;;;;;x;;
BP_SAVE_PLAN_CONFIRM;Salvar Plano;;Plan speichern;;;;;;;;;;x;;
BP_SAVE_PLAN_CANCEL;Cancelar;;Abbrechen;;;;;;;;;;x;;
BP_SAVE_PLAN_PROMPT;Plano de batalha já existe!\nVocê deseja substituir?;;Kriegsplan existiert bereits!\nMöchtest Ihr diesen überschreiben?;;;;;;;;;;x;;
BP_DELETE_SAVED_PLAN_PROMPT;Tem certeza de que deseja excluir o plano de batalha salvo?;;Seid Ihr sicher, dass Ihr den gespeicherten Kriegsplan löschen möchtet?;;;;;;;;;;x;;
BP_DELETE_CURRENT_PLAN_PROMPT;Tem certeza de que deseja excluir o plano de batalha atual?;;Seid Ihr sicher, dass Ihr den aktuellen Kriegsplan löschen möchtet?;;;;;;;;;;x;;
BP_SHARED_WITH;Compartilhado com:;;Geteilt mit:;;;;;;;;;;x;;
BP_NEW_PLAN;Novo Plano;;Neuer Plan;;;;;;;;;;x;;
BP_TOOLTIP_TAB_CURRENT;Lista de planos de batalha atuais.;;Liste der aktuellen Kriegspläne.;;;;;;;;;;x;;
BP_TOOLTIP_TAB_HISTORICAL;Lista de planos de batalha históricos.\nClique em §YImport§! para adicionar o selecionado aos seus planos atuais.;;Liste der historischen Kriegspläne.\nKlickt auf §Yimportieren§!, um den ausgewählten Plan zu den Aktuellen hinzuzufügen.;;;;;;;;;;x;;
BP_TOOLTIP_TAB_SAVED;Lista de seus planos de batalha salvos.\nClique em §YImport§! para adicionar o selecionado aos seus planos atuais.;;Liste deiner gespeicherten Kriegspläne.\nKlickt auf §Yimportieren§!, um den ausgewählten Plan zu den Aktuellen hinzuzufügen.;;;;;;;;;;x;;
BP_TOOLTIP_NEW_PLAN;Crie um novo plano.;;Neuen Plan entwerfen.;;;;;;;;;;x;;
BP_TOOLTIP_REMOVE_PLAN;Excluir plano selecionado no momento.;;Momentan ausgewählten Plan löschen.;;;;;;;;;;x;;
BP_TOOLTIP_SHARE_PLAN;Toggle §Ysharing§! currently selected plan with your §Gally members§!.;;Schaltet §YTeilen§! des momentan ausgewählten Plans mit Eurem §GAllianz-Mitgliedern§! ein/aus.;;;;;;;;;;x;;
BP_TOOLTIP_SAVE_PLAN;Salvar o plano atualmente selecionado para o arquivo.;;Momentan ausgewählten Plan in Datei speichern.;;;;;;;;;;x;;
BP_TOOLTIP_RENAME_PLAN;Renomeie o plano atualmente selecionado.;;Momentan ausgewählten Plan umbenennen.;;;;;;;;;;x;;
BP_TOOLTIP_IMPORT_PLAN;Adicione o plano selecionado aos seus planos atuais.;;Ausgewählten Plan zu deinen aktuellen Plänen hinzufügen.;;;;;;;;;;x;;
BP_TOOLTIP_TOOL_SELECT;Clique no objeto para selecioná-lo.;;Auf Objekt klicken, um es auszuwählen.;;;;;;;;;;x;;
BP_TOOLTIP_TOOL_ARROW;Choose arrow type, and draw it on the map with §YLMB§!.\nHold §YShift§! + §YLMB§! to snap your arrow to another one.;;Wählt einen Pfeiltyp aus und zeichnet ihn mithilfe der §YLMT§! auf die Landkarte.\nHaltet §YShift§! + §YLMT§! gedrückt, um Euren Pfeil an einem anderen anzudocken.;;;;;;;;;;x;;
BP_TOOLTIP_TOOL_BORDER;Choose border type, and draw it on the map with §YLMB§!.;;Wählt einen Grenztyp aus und zeichne ihn mithilfe der §YLMT§! auf die Landkarte.;;;;;;;;;;x;;
BP_TOOLTIP_TOOL_ICON;Choose icon type, and draw it on the map with §YLMB§!.\nHold §YShift§! + §YMouse Wheel§! to rotate an icon.;;Wählt einen Symboltyp aus und zeichnt ihn mithilfe der §YLMT§! auf die Landkarte.\nHaltet §YShift§! + §YMausrad§! gedrückt, um das Symbol zu drehen.;;;;;;;;;;x;;
BP_TOOLTIP_TOOL_COLOR;Choose current color to draw arrows and icons.\nAlso applies the color to any currently selected arrow or icon.;;Wähle die aktuelle Farbe aus, um Pfeile und Symbole zu zeichnen.\nDiese Farbe wird auch für jeden momentan ausgewählten Pfeil oder jedes ausgewählte Symbol verwendet.;;;;;;;;;;x;;
BP_TOOLTIP_TOOL_TEXT;Place a text sign on the map.\nIf nothing selected - creates a new text.\nIf an arrow is selected - draws the text on the arrow.\nIf text sign selected - edits the text.\n§YShift§! + §YMouse Wheel§! to rotate the text.\n§YCtrl§! + §YMouse Wheel§! to scale the text.;;Setzt ein Textzeichen auf die Landkarte.\nWenn nichts ausgewählt wird –  Ein neuer Text wird erstellt.\nWenn ein Pfeil ausgewählt wird – Der Text wir auf den Pfeil gezeichnet.\nWenn das Textzeichen ausgewählt wird – der Text wird bearbeitet.\n§YShift§! + §YMausrad§!, um den Text zu drehen.\n§YStrg§! + §YMausrad§!, um den Text zu skalieren.;;;;;;;;;;x;;
BP_TOOLTIP_TOOL_ERASE;Delete selected object.;;Ausgewähltes Objekt löschen.;;;;;;;;;;x;;
BP_TOOLTIP_VISIBILITY;Toggle plan visibility on the map.;;Plansichtbarkeit auf der Landkarte ein-/ausschalten.;;;;;;;;;;x;;
MILITARY_SPENDINGS_LAND;Spending on §YLand§! units:;;Ausgaben für §YLand§!-Einheiten:;;;;;;;;x;;;;
MILITARY_SPENDINGS_NAVAL;Spending on §YNaval§! units:;;Ausgaben für §YMarine§!-Einheiten:;;;;;;;;x;;;;
MILITARY_SPENDINGS_PROJECTS;Spending on §YConstructions§!:;;Ausgaben für §YBauvorhaben§!:;;;;;;;;x;;;;
STOCKPILE_COST_ESTIMATED;We §Yestimate§! tomorrow's stockpile purchases will cost:;;Wir §Yschätzen§!, dass die morgigen Vorrats-Einkäufe folgendes kosten werden:;;;;;;;;x;;;;
STOCKPILE_COST_ACTUAL;Today we §Yactually§! spent on stockpile:;;Heute betrugen die §Ytatsächlichen§! Ausgaben für Vorräte:;;;;;;;;x;;;;
NAVAL_COMBAT_DETAILS_APPROACH;Approaching §Y$WHO$§!. Current distance: §Y$DIST$§!.;;Nähert sich §Y$WHO$§!. Derzeitige Entfernung: §Y$DIST$§!.;;;;;;;;x;;;;
NAVAL_COMBAT_DETAILS_DESTROYED;§RDestroyed§! by §Y$WHO$§!;;§RZerstört§! von §Y$WHO$§!;;;;;;;;x;;;;
NAVAL_COMBAT_DETAILS_DISENGAGED;This unit has managed to disengage, and is no longer a part of the battle.;;Diese Einheit konnte sich zurückziehen und ist nicht länger in den Kampf verwickelt.;;;;;;;;x;;;;
NAVAL_COMBAT_DETAILS_RETREAT;This unit is retreating.;;Diese Einheit befindet sich auf dem Rückzug.;;;;;;;;x;;;;
NAVAL_COMBAT_DETAILS_SEEKING;Procurando pelo melhor alvo.;;Suche nach dem besten Ziel.;;;;;;;;x;;;;
NAVAL_COMBAT_DETAILS_SHOOTING;Firing at §Y$WHO$§!.\n- Damage to Organisation §G$ORG$§!\n- Damage to Strength §Y$STR$§!;;Feuert auf §Y$WHO$§!.\n- Schaden an der Organisation §G$ORG$§!\n- Schaden auf Stärke §Y$STR$§!;;;;;;;;x;;;;
NAVAL_COMBAT_DETAILS_FILTERING;Click with §GLMB§! to show all ships that are targetting this ship.;;Klickt mit §GLMT§!, um alle Schiffe zu sehen, die auf dieses Schiff zielen.;;;;;;;;x;;;;
MAPMODE_NAVAL_TOOLTIP_LEVEL;Nível da Base Naval §G$LVL$§!;;Marinestützpunkt-Stufe §G$LVL$§!;;;;;;;;x;;;;
MAPMODE_NAVAL_TOOLTIP_NO_BASE;Não há nenhuma Base Naval nesse estado.;;In diesem Staat befindet sich kein Marinestützpunkt.;;;;;;;;x;;;;
MAPMODE_NAVAL_TOOLTIP_CAP;This province §Ynaval supply throughput§! is §G$CAP$§! of total §G$TOT$§!.;;Der §YMarine-Versorgungsdurchsatz§! dieser Provinz beträgt §G$CAP$§! von insgesamt §G$TOT$§!.;;;;;;;;x;;;;
MAPMODE_NAVAL_TOOLTIP_IN_OTHER;Uma Base Naval já existe neste estado, em §Y$PROV$§!.;;In diesem Staat gibt es bereits einen Marinestützpunkt in §Y$PROV$§!. ;;;;;;;;x;;;;
MAPMODE_NAVAL_TOOLTIP_UNDER_CON;Uma Base Naval já está em construção aqui.;;Hier befindet sich bereits ein Marinestützpunkt im Bau.;;;;;;;;x;;;;
NAVAL_SUPPLY_PENALTY_DESC;Affected by §Ynaval supply throughput§! penalty of §R$PEN$%§!.;;Beeinflusst durch den §YMarine-Versorgungsdurchsatz§!-Malus von §R$PEN$%§!.;;;;;;;;x;;;;
COMBAT_LEADER_MOD_ATTACK;Ataque do líder;;Anführer-Angriff;;;;;;;;x;;;;
COMBAT_LEADER_MOD_DEFENSE;Defesa do líder;;Anführer-Verteidigung;;;;;;;;x;;;;
OCCUPATION_SCORE_ATTACKER;Ocupação ofensiva:;;Besatzung des Angreifers:;;;;;;;;x;;;;
OCCUPATION_SCORE_DEFENDER;Ocupação defensiva:;;Besatzung des Verteidigers:;;;;;;;;x;;;;
BLOCKADE_SCORE_ATTACKER;Bloqueios de atacantes:;;Blockaden des Angreifers:;;;;;;;;x;;;;
BLOCKADE_SCORE_DEFENDER;Bloqueios de defensores:;;Blockaden des Verteidigers:;;;;;;;;x;;;;
TICKING_WARSCORE_HEAD;§YScore over time§! bonus §Y$VAL$§!:;;§YWertung über Zeit§!-Bonus §Y$VAL$§!:;;;;;;;;x;;;;
TICKING_WARSCORE_DESC_SCORE;Atualmente $VAL$ ($CHANGE$ alteração diária).;;Derzeit $VAL$ (tägliche Änderung $CHANGE$).;;;;;;;;x;;;;
TICKING_WARSCORE_DESC_SCORE_MAX;Atualmente $VAL$ (Max).;;Derzeit $VAL$ (Max).;;;;;;;;x;;;;
TICKING_WARSCORE_DESC_SCORE_SHORT;$VAL$ ($CHANGE$ diariamento).;;$VAL$ (täglich $CHANGE$).;;;;;;;;x;;;;
TICKING_WARSCORE_DESC_SCORE_MAX_SHORT;$VAL$ (Max).;;$VAL$ (Max).;;;;;;;;x;;;;
CB_DESTROY_FORTS;Drestruir Fortificações;;Zerstört Festungen;;;;;;;;x;;;;
CB_DESTROY_NAVAL_BASES;Destruir Bases Navais;;Zerstört Marinestützpunkte;;;;;;;;x;;;;
po_destroy_forts;Destruir todos os Fortes em $STATE$.;;Zerstört alle Forts in $STATE$.;;;;;;;;x;;;;
po_destroy_naval_bases;Destruir Base Naval em $STATE$.;;Zersört den Marinestützpunkt in $STATE$ .;;;;;;;;x;;;;
ALL_CORE_PROVINCES;todos os estados com províncias centrais;;alle Kernprovinzen;;;;;;;;x;;;;
ALL_SATES;todos os Estados;;alle Staaten;;;;;;;;x;;;;
dismantle_forts_desc;Desmantelar Fortes e Bases Navais.;;Reißt Forts und Marinestützpunkte ab.;;;;;;;;x;;;;
dismantle_forts;Desmantelar Fortificações;;Reißt Forts ab;;;;;;;;x;;;;
dismantle_forts_short;Desmantelar construções em $STATE$;;Reißt Bauten in $STATE$ ab;;;;;;;;x;;;;
dismantle_forts_setup;Desmantelar Fortes e Bases Navais em $STATE$;;Reißt Forts und Marinestützpunkte in $STATE$ ab;;;;;;;;x;;;;
liberate_country_desc;Libertar um §Yentire country§W dos seus opressores;;Befreit ein §Yganzes Land§W von seinen Unterdrückern;;;;;;;;x;;;;
liberate_country;Libertar País;;Befreit das Land;;;;;;;;x;;;;
liberate_country_short;$THIRD$ adiquire $STATE$;$THIRD$ prend $STATE$;$THIRD$ erwirbt $STATE$;;$THIRD$ adquiere $STATE$;;;;;;;;;x;
liberate_country_setup;Libertar $STATE$ das mãos de $THIRD$ e devolvê-lo para $RECIPIENT$;Prendre $STATE$ à $RECIPIENT$ pour le rendre à $THIRD$;Gebt $STATE$ an $THIRD$ von $RECIPIENT$ zurück;;Arrebatar el estado de $STATE$ de manos de $RECIPIENT$ y devolvérselo a $THIRD$;;;;;;;;;x;
FIRE_RANGE;Alcance do Tiro;;Schussreichweite;;;;;;;;x;;;;
EVASION;Evasão;;Ausweichen;;;;;;;;x;;;;
SORT_BY;Ordenar por:;;Sortieren nach:;;;;;;;;x;;;;
STANCE;Posição;;Haltung;;;;;;;;x;;;;
STR_ORG;Str/Org;;Stärke/Org.;;;;;;;;x;;;;
SORT_BY_TYPE_DESC;Ordenar navios por §Ytype§!.;;Schiffe nach §YTyp§! sortieren.;;;;;;;;x;;;;
SORT_BY_STANCE_DESC;Ordenar navios por §Ycurrent action§!.;;Schiffe nach ihrer §Yaktuellen Aktivität§! sortieren.;;;;;;;;x;;;;
SORT_BY_STR_ORG_DESC;Ordenar navios por §Yaverage of Strength and Organisation§!.;;Schiffe nach ihrer §Ydurchschnittlichen Stärke und Organisation§! sortieren.;;;;;;;;x;;;;
TARGETED_BY;Targetted by:;;Im Visier von:;;;;;;;;x;;;;
MAY_NOT_RETREAT_NAVAL;Não é possível, nem seria honroso, retirar-se de uma batalha antes de termos uma compreensão completa de nossas chances.;;Es ist nicht möglich, und auch nicht sonderlich ehrenvoll, den Rückzug von einem Gefecht anzutreten, bevor wir nicht eine vollständige Übersicht über unsere Chancen haben.;;;;;;;;x;;;;
REMAINING_NAVAL_RETREAT;Antes de podermos realizar uma retirada, precisamos nos aproximar de §Y$OPT$§! para descobrir quais são nossas chances.;;Bevor wir einen freiwilligen Rückzug antreten können, müssen wir noch näher an §Y$OPT$§!, um unsere Chancen besser einschätzen zu können.;;;;;;;;x;;;;
NAVAL_COMBAT_STATUS_APPROACH;Aproximando;;Herannahend;;;;;;;;x;;;;
NAVAL_COMBAT_STATUS_SEEKING;Buscando alvo;;Auf Zielsuche;;;;;;;;x;;;;
NAVAL_COMBAT_STATUS_FIRING;Dano §G$ORG$§!/§R$STR$§!;;Schaden §G$ORG$§!/§R$STR$§!;;;;;;;;x;;;;
NAVAL_COMBAT_STATUS_RETREAT;Recuando;;Auf dem Rückzug;;;;;;;;x;;;;
NAVAL_COMBAT_STATUS_DISENGAGED;Disengaged;;Zurückgezogen;;;;;;;;x;;;;
SUPPLY_LOAD;Peso do estoque;;Vorratsgewicht;;;;;;;;x;;;;
SUPPLY_LOAD_STATUS_DESC_BASIC;The total §Ysupply throughput§! of all our §Ynaval ports§! is $TOT$.\nAll our ships requires in total $REQ$.;;Der gesamte §YVersorgungsdurchsatz§! all unserer §YMarinehäfen§! beträgt $TOT$.\nAll unsere Schiffe benötigen insgesamt $REQ$.;;;;;;;;x;;;;
SUPPLY_LOAD_STATUS_DESC_PENALTY;Nossos navios sofrem $PEN$ penalidade de fornecimento.;;Nossos navios sofrem $PEN$ Malus für ihre Versorgung.;;;;;;;;x;;;;
SUPPLY_LOAD_STATUS_DESC_HINT;Considere construir bases navais ou dispersar alguns navios.;;Überlegt, einige Marinestützpunkte zu bauen, oder entlasst einige Schiffe.;;;;;;;;x;;;;
SUPPLY_LOAD_STATUS_DESC_UPCOMING_PENALTY;Novos navios estão em construção, que excederão os limites de suprimento de $EXC$.;;Neue Schiffe befinden sich im Bau, dies wird das Versorgungslimit um $EXC$ überschreiten.;;;;;;;;x;;;;
SUPPLY_LOAD_STATUS_DESC_DETAILED_LIST;The following report shows the supply throughput demands:;;Der folgende Bericht zeigt den Versorgungsdurchsatz-Bedarf:;;;;;;;;x;;;;
SHIP_BUILD_MIN_BASE_LEVEL;Requer Base Naval nível §Y$LVL$§! ou maior.;;Benötigt einen Hafen der Stufe §Y$LVL$§! oder höher.;;;;;;;;x;;;;
SHIP_BUILD_LIMIT_PER_BASE;Limitado a §Y$LIM$§! unidades por cada porto que suporta este navio.;;Begrenzt auf §Y$LIM$§! Einheiten pro Hafen, der dieses Schiff versorgt.;;;;;;;;x;;;;
SHIP_BUILD_LIMIT_PER_BASE_HINT;§RConsidere construir mais bases navais de nível pelo menos §G$LVL$§R.§!;;§RÜberlegt, weitere Marinestützpunkte mit einer Stufe von mindestens §G$LVL$zu bauen§R.§!;;;;;;;;x;;;;
SHIP_BUILD_LIMIT_MAX;§Y(Limite: $LIM$)§!;;§Y(Limit: $LIM$)§!;;;;;;;;x;;;;
BUILDING_ONE_PER_STATE;Apenas um por estado;;Nur eins pro Staat;;;;;;;;x;;;;
DIPLOMACY_CRISIS_INFO;Crise;;Konflikte;;;;;;;;x;;;;
CRISIS_CANT_DECLARE_WAR;Você não pode declarar guerra ou ser declarado guerra se estiver envolvido em uma crise.;;Ihr könnt keinen Krieg erklären oder eine Kriegserklärung erhalten, wenn Ihr Euch in einem Konflikt befindet.;;;;;;;;x;;;;
HAS_FLASHPOINT;Tem um ponto de tensão;;Hat einen Unruheherd;;;;;;;;x;;;;
HAS_NO_FLASHPOINT;Não tem um ponto de tensão;;Hat keinen Unruheherd;;;;;;;;x;;;;
TENSION_LESS_THAN;Ponto de tensão menor que;;Niedriger Unruhe-Spannungen als;;;;;;;;x;;;;
TENSION_MORE_THAN;Ponto de tensão maior que;;Höhere Unruhe-Spannungen als;;;;;;;;x;;;;
CRISIS_TEMPERATURE_LESS_THAN;Temperatura da Crise menor que;;Niedrigere Konflikttemperatur als;;;;;;;;x;;;;
CRISIS_TEMPERATURE_MORE_THAN;Temperatura da Crise maior que;;Höhere Konflikttemperatur als;;;;;;;;x;;;;
FLASHPOINT_TENSION_EFFECT;$DIRECTION$ $VALUE$ ponto(s) de tensão.\n;;$DIRECTION$ $VALUE$ Unruhe-Spannung.\n;;;;;;;;x;;;;
diplomatic_focus;Diplomacia;;Diplomatie;;;;;;;;x;;;;
increase_tension;Aumentar a tensão;;Spannung erhöhen;;;;;;;;x;;;;
increase_tension_focus_desc;Aumenta a tensão em §Y$VAL$§W% por mês.;;Erhöht die Unruhe-Spannungen um etwa §Y$VAL$§W% pro Monat.;;;;;;;;x;;;;
NOT_A_FLASHPOINT;§RNot a flashpoint§!;;§RKein Unruheherd§!;;;;;;;;x;;;;
MAPMODE_21;Crises;;Konflikte;;;;;;;;x;;;;
MAPMODE_22;Naval;;Marine;;;;;;;;x;;;;
FLASHPOINT_TENSION;Ponto de tensão: §Y$VALUE$§!%;;Unruhe-Spannungen: §Y$VALUE$§!%;;;;;;;;x;;;;
EXECUTING_HISTORY;Executando Histórico;;Abrufen der Geschichte;;;;;;;;x;;;;
CRISIS_TEMPERATURE;Temperatura da Crise: §R$VALUE$%§!;;Konflikttemperatur: §R$VALUE$%§!;;;;;;;;x;;;;
HAS_CRISIS;Existe atualmente uma Crise;;Es gibt momentan einen Konflikt;;;;;;;;x;;;;
HAS_NO_CRISIS;Atualmente não há uma Crise;;Es gibt momentan keinen Konflikt;;;;;;;;x;;;;
CRISIS_TEMPERATURE_EFFECT;$DIRECTION$ $VALUE$ temperatura da Crise.\n;;$DIRECTION$ $VALUE$ Konflikttemperatur.\n;;;;;;;;x;;;;
TRIGGER_STATE;Estado de crise;;Konflikt-Zustand;;;;;;;;x;;;;
BACKERS_LABEL;Apoiadores:;;Unterstützer:;;;;;;;;x;;;;
SUPPORT_SIDE;Lado de apoio;;Seite unterstützen;;;;;;;;x;;;;
ON_THE_FENCE_LABEL;Indecisos:;;Noch unentschlossen:;;;;;;;;x;;;;
vacuum_tube;Tubo de Vácuo;;Vakuumröhre;;;;;;;;;;x,,,;;
vacuum_tube_desc;Válvula termiônica ou válvula termiónica, também chamada por vezes de tubo de vácuo é um dispositivo eletrônico formado por um invólucro de vidro de alto vácuo chamada ampola contendo vários elementos metálicos. Já as válvulas do tipo Tiratron, para aplicações de alta potência, são preenchidas com gás.;;Die Vakuumröhre (auch Elektronenröhre genannt) ist ein Gerät, das den Stromfluss durch ein Vakuum ausnutzt. Elektronen reisen in einer Vakuumröhre aufgrund von Glühemission  (dem Edison-Effekt) von einem heißen Glühfaden (der negativen Kathode) durch ein Vakuum zu einer positiven Elektrode (der Anode). Zusätzliche Elektroden wurden später zwischen der Anode und Kathode hinzugefügt und erlaubten die Verstärkung und den Wechsel von Signalen. Vakuumröhren waren ein wesentlicher Bestandteil für die Produktion und Kommerzialisierung von Radios, Telefonen, Fernsehern, Radar und den ersten Computern.;;;;;;;;;;x,,,;;
tulls_seed_drill;Semeadeira;;Tulls Sämaschine;;;;;;;;;;x,,,,,,,;;
tulls_seed_drill_desc;Inventada por Jethro Tull, a semeadeira permitia que os fazendeiros propalassem as sementes em filas bem espaçadas numa profundidade específica. Antes disso eles simplesmente jogavam as sementes no chão, para que crescessem onde quer que caíssem. Algumas das sementes caíam em terra não preparada onde nunca germinavam, ou germinavam prematuramente e eram mortas por pragas, excesso de água ou fertilizante. Esta invenção deu aos fazendeiros muito mais controle sobre a profundidade em que a semente era plantada e a habilidade de cobri-las sem ter que fazer outra volta. Este controle significava que as sementes germinavam com mais consistência e em terreno mais preparado. ;;Vor dieser Epoche pflanzten Bauern die Saat für Getreide, indem sie diese in einem Beutel über das Feld trugen und ausstreuten oder verteilten. Sie taten dies von Hand auf dem gepflügten und geeggten Feldboden. Das Problem bestand in der ungleichmäßigen Verteilung des Saatguts. Es war daher keine effiziente Verwendung des Saatguts, sondern vielmehr eine Verschwendung. Jethro Tull erfand eine Sämaschine, die von einem Pferd gezogen werden konnte. Es war ein Vehikel auf Rädern mit einer Kiste voll Getreide darin. Eine radbetriebene Schraube verteilte das Saatgut gleichmäßig, wenn das Gefährt über das Feld gezogen wurde.;;;;;;;;;;x,,,,;;
rotherham_plough;Arado de Rotherham;;Rotherham-Pflug;;;;;;;;;;x,,,,,,,;;
rotherham_plough_desc;O arado de Rotherham ou Yorkshire foi inventado por Disney Stanyforth e Joseph Foljambe como uma evolução do arado tradicional. Era feito de madeira como o arado comum, mas as ferragens e as lâminas de arado eram feitas de ferro, e o aveludado e o arado eram revestidos de ferro. Este arado era mais leve que o arado tradicional e podia ser facilmente puxado por dois cavalos.;;Der Rotherham oder Yorkshire Pflug wurde von Disney Stanyforth und Joseph Foljambe als Weiterentwicklung des traditionellen Pflugs erfunden. Er bestand aus Holz wie der Standard-Pflug, doch die Beschläge und das Pflugmesser waren aus Eisen und  das Streichblech und die Pflugschar waren mit Eisen verkleidet. Dieser Pflug war leichter als der traditionelle Pflug und konnte leicht von zwei Pferden gezogen werden.;;;;;;;;;;x,,,,,,,;;
telephone_switchboard;Central Telefônica;;Telefon-Zentrale;;;;;;;;;;x,,,;;
telephone_switchboard_desc;"A central telefônica é um sistema de componentes elétricos usados para conectar chamadas telefônicas. A primeira central telefônica foi inventada pelo húngaro Tivadar Puskás em 1877, enquanto trabalhava para Thomas Edison. Trocas telefônicas primitivas estavam em vigor para aplicações comerciais em 1881 no leste dos EUA e na Europa Ocidental. As centrais telefônicas consistiam em centenas de ""placas de encaixe"", nas quais uma equipe de operadores manualmente ""conectava"" as chamadas para encaminhá-las. Almon Brown Strowger patenteou o primeiro interruptor em 1891, o que levou à comutação telefônica automatizada.";;Eine Telefon-Zentrale ist ein System aus elektronischen Komponenten und wird dazu verwendet, Anrufe zu verbinden. Die erste Telefon-Zentrale wurde 1877 von dem Ungarn Tivadar Puskás erfunden, während er für Thomas Edison arbeitete. Erste primitive Fernsprechämter für kommerzielle Einrichtungen bestanden 1881 im Osten der US und im westlichen Europa. Fernsprechämter bestanden aus hunderten von Schalttafeln, an denen Telefonisten manuell Anrufe weiterleiteten und verbanden, indem sie Kabel umstöpselten. Almon Brown Strowger patentierte 1891 den ersten Kippschalter, der zur automatischen Anrufweiterleitung führte.;;;;;;;;;;x,,,;;
BRZ_2446;Minas Gerais;Minas Gerais;Minas Gerais;;Minas Gerais;;;;;;;;;x;
CLM_2259;Cauca;Cauca;Cauca;;Cauca;;;;;;;;;x;
ANN_1371;Tonkin;Tonkin;Tonkin;;Tonkin;;;;;;;;;x;
ANN_1374;Annam;Annam;Annam;;Annam;;;;;;;;;x;
ANN_1383;Cochin China;Cochin China;Cochinchina;;Cochin China;;;;;;;;;x;
LUA_1356;Laos;Laos;Laos;;Laos;;;;;;;;;x;
SIA_1392;Bangkok;Bangkok;Bangkok;;Bangkok;;;;;;;;;x;
SIA_1355;Chiang Mai;Chiang Mai;Chiang Mai;;Chiang Mai;;;;;;;;;x;
SIA_1358;Nakhon Ratchasima;Nakhon Ratchasima;Nakhon Ratchasima;;Nakhon Ratchasima;;;;;;;;;x;
ENG_1384;Malaya;Malaya;Malaya;;Malaya;;;;;;;;;x;
ENG_1343;Tenasserim;Tenasserim;Tenasserim;;Tenasserim;;;;;;;;;x;
BUR_1339;Kachin;Kachin;Kachin;;Kachin;;;;;;;;;x;
BUR_1334;Shan States;Shan States;Shan-Staaten;;Shan States;;;;;;;;;x;
BUR_1330;Pegu;Pegu;Pegu;;Pegu;;;;;;;;;x;
NEP_1327;Himalayas;Himalayas;Himalaya;;Himalayas;;;;;;;;;x;
TIB_1591;Tibet;Tibet;Tibet;;Tibet;;;;;;;;;x;
ENG_1247;Bihar;Bihar;Bihar;;Bihar;;;;;;;;;x;
ENG_1261;Orissa;Orissa;Orissa;;Orissa;;;;;;;;;x;
ENG_1236;United Provinces;United Provinces;Vereinte Provinzen;;United Provinces;;;;;;;;;x;
PAN_1227;Punjab;Punjab;Punjab;;Punjab;;;;;;;;;x;
PAN_1224;Kashmir;Kashmir;Kaschmir;;Kashmir;;;;;;;;;x;
KAL_1221;Baluchistan;Baluchistan;Belutschistan;;Baluchistan;;;;;;;;;x;
SIN_1288;Sind;Sind;Sind;;Sind;;;;;;;;;x;
ENG_1291;Gujarat;Gujarat;Gujarat;;Gujarat;;;;;;;;;x;
ENG_1264;Rajputana;Rajputana;Rajputana;;Rajputana;;;;;;;;;x;
ENG_1275;Central India;Central India;Zentral-Indien;;Central India;;;;;;;;;x;
NAG_1277;Nagpur;Nagpur;Nagpur;;Nagpur;;;;;;;;;x;
ENG_1305;Circars;Circars;Circars;;Circars;;;;;;;;;x;
HYD_1283;Hyderabad;Hyderabad;Hyderabad;;Hyderabad;;;;;;;;;x;
ENG_1297;Bombay;Bombay;Bombay;;Bombay;;;;;;;;;x;
ENG_1304;Madras;Madras;Madras;;Madras;;;;;;;;;x;
MYS_1314;Mysore;Mysore;Mysore;;Mysore;;;;;;;;;x;
ENG_1317;Travancore;Travancore;Travancore;;Travancore;;;;;;;;;x;
ATJ_1405;Aceh;Aceh;Aceh;;Aceh;;;;;;;;;x;
NET_1398;Sumatra;Sumatra;Sumatra;;Sumatra;;;;;;;;;x;
NET_1423;Borneo;Borneo;Borneo;;Borneo;;;;;;;;;x;
NET_1449;Moluccas;Moluccas;Molukken;;Moluccas;;;;;;;;;x;
NET_1451;Western New Guinea;Western New Guinea;West-Neuguinea;;Western New Guinea;;;;;;;;;x;
BAL_1438;Sunda Islands;Sunda Islands;Sundainseln;;Sunda Islands;;;;;;;;;x;
BRU_1394;North Borneo;North Borneo;Nord-Borneo;;North Borneo;;;;;;;;;x;
PER_1141;Laristan-Sistan;Laristan-Sistan;Laristan-Sistan;;Laristan-Sistan;;;;;;;;;x;
PER_1148;Khorasan;Khorasan;Khorasan;;Khorasan;;;;;;;;;x;
PER_1138;Khuzestan;Khuzestan;Chuzestan;;Khuzestan;;;;;;;;;x;
PER_1135;Fars-Kerman;Fars-Kerman;Fars-Kerman;;Fars-Kerman;;;;;;;;;x;
PER_1127;Isfahan;Isfahan;Isfahan;;Isfahan;;;;;;;;;x;
PER_1116;Gilan-Mazandaran;Gilan-Mazandaran;Gilan-Mazandaran;;Gilan-Mazandaran;;;;;;;;;x;
PER_1121;Irakajemi;Irakajemi;Irakajemi;;Irakajemi;;;;;;;;;x;
PER_1112;Tabriz;Tabriz;Täbris;;Tabriz;;;;;;;;;x;
PER_1122;Luristan;Luristan;Luristan;;Luristan;;;;;;;;;x;
AFG_1214;Western Afghanistan;Western Afghanistan;West-Afghanistan;;Western Afghanistan;;;;;;;;;x;
AFG_1217;Eastern Afghanistan;Eastern Afghanistan;Ost-Afghanistan;;Eastern Afghanistan;;;;;;;;;x;
RUS_1196;Turkmenia;Turkmenia;Turkmenistan;;Turkmenia;;;;;;;;;x;
KHI_1191;Uzbekia;Uzbekia;Uzbekia;;Uzbekia;;;;;;;;;x;
BUK_1207;Tajikistan;Tajikistan;Tadschikistan;;Tajikistan;;;;;;;;;x;
KOK_1190;Kirghizia;Kirghizia;Kirghizia;;Kirghizia;;;;;;;;;x;
RUS_1182;Uralsk;Uralsk;Oral;;Uralsk;;;;;;;;;x;
RUS_1184;Akmolinsk;Akmolinsk;Akmolinsk;;Akmolinsk;;;;;;;;;x;
RUS_1185;Semireche;Semireche;Siebenstromland;;Semireche;;;;;;;;;x;
CHI_1532;Inner Mongolia;Inner Mongolia;Innere Mongolei;;Inner Mongolia;;;;;;;;;x;
CHI_1578;Sichuan;Sichuan;Sichuan;;Sichuan;;;;;;;;;x;
CHI_1581;Chongqing;Chongqing;Chongqing;;Chongqing;;;;;;;;;x;
CHI_1494;Shaozhou;Shaozhou;Shaozhou;;Shaozhou;;;;;;;;;x;
CHI_1550;Jiangxi;Jiangxi;Jiangxi;;Jiangxi;;;;;;;;;x;
CHI_1487;Fujian;Fujian;Fujian;;Fujian;;;;;;;;;x;
CHI_1611;Zhejiang;Zhejiang;Zhejiang;;Zhejiang;;;;;;;;;x;
CHI_1473;Southern Anhui;Southern Anhui;Süd-Anhui;;Southern Anhui;;;;;;;;;x;
CHI_1516;Eastern Hubei;Eastern Hubei;Ost-Hubei;;Eastern Hubei;;;;;;;;;x;
CHI_1523;Western Hubei;Western Hubei;West-Hubei;;Western Hubei;;;;;;;;;x;
CHI_1513;Henan;Henan;Henan;;Henan;;;;;;;;;x;
CHI_1472;Northern Anhui;Northern Anhui;Nord-Anhui;;Northern Anhui;;;;;;;;;x;
CHI_1476;Jiangsu;Jiangsu;Jiangsu;;Jiangsu;;;;;;;;;x;
CHI_1539;Suzhou;Suzhou;Suzhou;;Suzhou;;;;;;;;;x;
CHI_1563;Shandong;Shandong;Shandong;;Shandong;;;;;;;;;x;
CHI_1614;Southern Zhili;Southern Zhili;Süd-Zhili;;Southern Zhili;;;;;;;;;x;
CHI_1618;Northern Zhili;Northern Zhili;Nord-Zhili;;Northern Zhili;;;;;;;;;x;
CHI_1553;Manchuria;Manchuria;Mandschurei;;Manchuria;;;;;;;;;x;
CHI_1082;Outer Manchuria;Outer Manchuria;Äußere Mandschurei;;Outer Manchuria;;;;;;;;;x;
CHI_1086;Sakhalin;Sakhalin;Sachalin;;Sakhalin;;;;;;;;;x;
KOR_1624;Seoul;Seoul;Seoul;;Seoul;;;;;;;;;x;
KOR_1635;Busan;Busan;Busan;;Busan;;;;;;;;;x;
KOR_1627;Sariwon;Sariwon;Sariwon;;Sariwon;;;;;;;;;x;
KOR_1619;Pyongyang;Pyongyang;Pjöngjang;;Pyongyang;;;;;;;;;x;
JAP_1660;Kyushu;Kyushu;Kyushu;;Kyushu;;;;;;;;;x;
JAP_1640;Chugoku-Shikoku;Chugoku-Shikoku;Chugoku-Shikoku;;Chugoku-Shikoku;;;;;;;;;x;
JAP_1655;Kansai;Kansai;Kansai;;Kansai;;;;;;;;;x;
JAP_1675;Chubu;Chubu;Chubu;;Chubu;;;;;;;;;x;
JAP_1649;Kanto;Kanto;Kanto;;Kanto;;;;;;;;;x;
JAP_1654;Bonin Islands;Bonin Islands;Bonininseln;;Bonin Islands;;;;;;;;;x;
JAP_1672;Tohoku;Tohoku;Tohoku;;Tohoku;;;;;;;;;x;
JAP_1088;Hokkaido;Hokkaido;Hokkaido;;Hokkaido;;;;;;;;;x;
RUS_2685;Ural;Ural;Ural;;Ural;;;;;;;;;x;
RUS_1065;Ob;Ob;Ob;;Ob;;;;;;;;;x;
RUS_1064;Tobolsk;Tobolsk;Tobolsk;;Tobolsk;;;;;;;;;x;
RUS_1469;Tomsk;Tomsk;Tomsk;;Tomsk;;;;;;;;;x;
RUS_2615;Lower Yeniseysk;Lower Yeniseysk;Unter-Jenisseisk;;Lower Yeniseysk;;;;;;;;;x;
RUS_1070;Upper Yeniseysk;Upper Yeniseysk;Ober-Jenisseisk;;Upper Yeniseysk;;;;;;;;;x;
RUS_1075;Irkutsk;Irkutsk;Irkutsk;;Irkutsk;;;;;;;;;x;
RUS_1079;Trans-Baikal;Trans-Baikal;Transbaikal;;Trans-Baikal;;;;;;;;;x;
RUS_2694;Middle Siberia;Middle Siberia;Mittel-Sibirien;;Middle Siberia;;;;;;;;;x;
RUS_1069;West Yakutsk;West Yakutsk;West Yakutsk;;West Yakutsk;;;;;;;;;x;
RUS_2653;Norte da Sibéria;North Siberia;Nord-Sibirien;;North Siberia;;;;;;;;;x;
RUS_1071;Yakutsk;Yakutsk;Yakutsk;;Yakutsk;;;;;;;;;x;
RUS_1072;Okhotsk;Okhotsk;Okhotsk;;Okhotsk;;;;;;;;;x;
RUS_2668;North Yakutsk;North Yakutsk;Nord-Yakutsk;;North Yakutsk;;;;;;;;;x;
RUS_2618;Upper Okhotsk;Upper Okhotsk;Ober-Okhotsk;;Upper Okhotsk;;;;;;;;;x;
RUS_2621;Inner Chukotka;Yakutsk;Yakutsk;;Yakutsk;;;;;;;;;x;
RUS_1074;Kamchatka;Kamchatka;Kamtschatka;;Kamchatka;;;;;;;;;x;
RUS_2590;Coastal Chukotka;Coastal Chukotka;Küste von Tschuktschen;;Coastal Chukotka;;;;;;;;;x;
TUR_885;Kars;Kars;Kars;;Kars;;;;;;;;;x;
TUR_884;Trabzon;Trabzon;Trabzon;;Trabzon;;;;;;;;;x;
TUR_889;Diyarbakir-Van;Diyarbakir-Van;Diyarbakir-Van;;Diyarbakir-Van;;;;;;;;;x;
TUR_876;Ankara and Adana;Ankara and Adana;Ankara und Adana;;Ankara and Adana;;;;;;;;;x;
TUR_873;Konya;Konya;Konya;;Konya;;;;;;;;;x;
TUR_881;Kastamonu;Kastamonu;Kastamonu;;Kastamonu;;;;;;;;;x;
TUR_869;Aydin;Aydin;Aydin;;Aydin;;;;;;;;;x;
TUR_863;Hudavendigar;Hudavendigar;Hüdavendigar;;Hudavendigar;;;;;;;;;x;
TUR_923;Mosul;Mosul;Mosul;;Mosul;;;;;;;;;x;
TUR_931;Baghdad;Baghdad;Baghdad;;Baghdad;;;;;;;;;x;
TUR_935;Basra;Basra;Basra;;Basra;;;;;;;;;x;
EGY_897;Aleppo;Aleppo;Aleppo;;Aleppo;;;;;;;;;x;
EGY_910;Transjordan;Transjordan;Transjordanien;;Transjordan;;;;;;;;;x;
EGY_903;Syria;Syria;Syrien;;Syria;;;;;;;;;x;
NEJ_1156;Hail;Hail;Ha'il;;Hail;;;;;;;;;x;
NEJ_1157;Nejd;Nejd;Nadschd;;Nejd;;;;;;;;;x;
EGY_1746;Sinai;Sinai;Sinai;;Sinai;;;;;;;;;x;
EGY_1750;Lower Egypt;Basse Égypte;Unter-Ägypten;;Lower Egypt;;;;;;;;;x;
EGY_1762;Middle Egypt;Égypte Moyenne;Mittel-Ägypten;;Middle Egypt;;;;;;;;;x;
EGY_1771;Upper Egypt;Basse Égypte;Unter-Ägypten;;Upper Egypt;;;;;;;;;x;
EGY_1753;Matruh;Matruh;Matruh;;Matruh;;;;;;;;;x;
EGY_1758;Egyptian Desert;Egyptian Desert;Ägyptische Wüste;;Egyptian Desert;;;;;;;;;x;
EGY_1834;Dongola;Dongolah;Dunqula;;Dongola;;;;;;;;;x;
EGY_1827;Sudan;Soudan;Sudan;;Sudan;;;;;;;;;x;
ENG_1843;Equatoria; Region Équateur;Äquatoria;;Equatoria;;;;;;;;;x;
ENG_1848;Eritrea;L'Érythrée;Eritrea;;Eritrea;;;;;;;;;x;
ETH_1854;Gonder-Tigray;Gonder-Tigray;Gonder-Tigray;;Gonder-Tigray;;;;;;;;;x;
ETH_1864;Amhara;Amhara;Amhara;;Amhara;;;;;;;;;x;
ETH_1867;Oromia;Oromia;Oromia;;Oromia;;;;;;;;;x;
ALD_1708;Constantine;Constantine;Constantine;;Constantine;;;;;;;;;x;
FRA_1700;Algiers;Alger;Algier;;Algiers;;;;;;;;;x;
ALD_1704;Tlemcen;Tlemcen;Tlemcen;;Tlemcen;;;;;;;;;x;
MOR_1688;al Rif;al Rif;Al Rif;;al Rif;;;;;;;;;x;
MOR_1686;Fez;Fez;Fès;;Fez;;;;;;;;;x;
MOR_1693;Morocco;Maroc;Marokko;;Morocco;;;;;;;;;x;
FRA_1803;Timbuktu;Timbuktu;Timbuktu;;Timbuktu;;;;;;;;;x;
FRA_1798;Eastern Mali;Mali orientale;Ost-Mali;;Eastern Mali;;;;;;;;;x;
FRA_1801;Western Mali;Mali ouest;West-Mali;;Western Mali;;;;;;;;;x;
FRA_1901;Volta;Volta;Volta;;Volta;;;;;;;;;x;
FRA_1808;Outer Hausaland;Outer Hausaland;Äußeres Hausaland;;Outer Hausaland;;;;;;;;;x;
FRA_1923;Yoruba States;Yoruba States;Yoruba-Staaten;;Yoruba States;;;;;;;;;x;
FRA_1927;Hausaland;Hausaland;Hausaland;;Hausaland;;;;;;;;;x;
FRA_1939;East Hausaland;East Hausaland;Ost-Hausaland;;East Hausaland;;;;;;;;;x;
FRA_1930;Benin;Benin;Benin;;Benin;;;;;;;;;x;
FRA_1931;Niger Delta;Niger Delta;Niger-Delta;;Niger Delta;;;;;;;;;x;
FRA_1937;Nigeria;Nigeria;Nigeria;;Nigeria;;;;;;;;;x;
FRA_1816;Bornu;Bornou;Bornu;;Bornu;;;;;;;;;x;
ENG_1825;Chad;Tchad;Tschad;;Chad;;;;;;;;;x;
ENG_1818;Waddai;Ouaddai;Waddai;;Waddai;;;;;;;;;x;
FRA_1965;Ubangi-Shari;Oubangi-Chari;Ubangi-Schari;;Ubangi-Shari;;;;;;;;;x;
ENG_2029;Zanzibar;Zanzibar;Sansibar;;Zanzibar;;;;;;;;;x;
ENG_2034;Tanganyika;Tanzanie;Tanganjika;;Tanganyika;;;;;;;;;x;
ENG_2039;Lindi;Lindi;Lindi;;Lindi;;;;;;;;;x;
ENG_2016;Kazembe;Kazembe;Kazembe;;Kazembe;;;;;;;;;x;
POR_2053;Zambezia;Zambezia;Zambezia;;Zambezia;;;;;;;;;x;
POR_2049;Lourenço Marques;Lourenço Marques;Lourenço Marques;;Lourenço Marques;;;;;;;;;x;
ZUL_2113;Natal-Zululand;Natal-Zululand;Natal-Zululand;;Natal-Zululand;;;;;;;;;x;
ENG_2078;Hereroland;Hereroland;Hereroland;;Hereroland;;;;;;;;;x;
ENG_2132;Ilhas do Atlântico Sul;South Atlantic Islands;Südatlantische Inseln;;South Atlantic Islands;;;;;;;;;x;
ENG_2125;Território do Oceano Índico;Territoire de l'océan Indien;Territorium im Indischen Ozean;;Indian Ocean Territory;;;;;;;;;x;
MAD_2117;Madagáscar do Sul;Sud de Madagascar;Süd-Madagaskar;;South Madagascar;;;;;;;;;x;
MAD_2121;Madagáscar do Norte;Du Nord de Madagascar;Nord-Madagaskar;;North Madagascar;;;;;;;;;x;
sioux_nation_title;Sioux Nation;Nation Sioux;Sioux-Nation;;Nación Sioux;;;;;;;;;x;
sioux_nation_name;Sioux Nation;Nation Sioux;Sioux-Nation;;Nación Sioux;;;;;;;;;x;
sioux_nation_desc;The Sioux Nation rises to defend their ancestral lands from the encroachment of American settlers and soldiers. They are angered by broken promises from Washington, and will fight fiercely to halt the colonization of the West.;;Die Sioux-Nation erhebt sich und verteidigt das Land ihrer Vorfahren gegen das Vordringen der amerikanischen Siedler und Soldaten. Die gebrochenen Versprechen Washingtons befeuern ihren Zorn und sie werden entschlossen kämpfen, um die Kolonisation des Westens aufzuhalten.;;;;;;;;;;;x;
sioux_nation_army;Sioux War Party;Groupe de guerriers Sioux;Sioux-Kriegspartei;;Parte de guerra Sioux;;;;;;;;;x;
apache_title;Apache;Apache;Apache;;Apache;;;;;;;;;x;
apache_name;Apache;Apache;Apache;;Apache;;;;;;;;;x;
apache_desc;Os Apache se levantam para defender suas terras ancestrais da invasão de colonos e soldados americanos. Eles se enfureceram com as promessas quebradas de Washington e lutam ferozmente para deter a colonização do Ocidente.;;Die Apachen erheben sich und verteidigen das Land ihrer Vorfahren gegen das Vordringen der amerikanischen Siedler und Soldaten. Die gebrochenen Versprechen Washingtons befeuern ihren Zorn und sie werden entschlossen kämpfen, um die Kolonisation des Westens aufzuhalten.;;;;;;;;;;;x;
apache_army;Apache War Party;Expédition guerrière Apache;Apache-Kriegspartei;;Parte de guerra Apache;;;;;;;;;x;
EVTNAME160001;A Rebelião Taiping;;Die Taiping-Rebellion;;;;;;;;;;;x;
EVTDESC160001;Uma grande rebelião dividiu tudo sob a vastidão do céu!;;Eine große Rebellion hat alle unter den Weiten des Himmels aufgespalten.;;;;;;;;;;;x;
EVTOPTA160001;Esmague-os!;;Vernichtet sie!;;;;;;;;;;;x;
EVTOPTB160001;Fora com o manchu!;;Weg mit den Manchu!;;;;;;;;;;;x;
EVTNAME160502;Sentimento Anti-Manchu;;Anti-Manchu Bewegung;;;;;;;;;;;x;
EVTDESC160502;Imperador, nossos oficiais detectaram níveis crescentes de descontentamento e até hostilidade em relação à nossa dinastia. Esse sentimento é inflamado pela presença humilhante dos demônios estrangeiros em nossas cidades e portos. Como devemos responder?;;Herrscher, die Offiziellen berichten von einer wachsenden Welle des Unfriedens und sogar der Feindschaft gegen unsere Dynastie. Dieses Gefühl wird noch verstärkt durch die Anwesenheit der fremden Teufel in unseren Städten und Häfen. Wie sollen wir darauf reagieren?;;;;;;;;;;;x;
EVTOPTA160502;Uma demonstração de força deve lidar com isso.;;Eine Demonstration unserer Macht sollte helfen.;;;;;;;;;;;x;
EVTOPTB160502;Não perca meu tempo com essa bobagem!;;Verschwendet meine Zeit nicht mit diesem Unfug!;;;;;;;;;;;x;
EVTNAME90902;A dissolução da China;;Der Zerfall Chinas;;;;;;;;;;;x;
EVTDESC90902;A China está se separando.;;China bricht auseinander.;;;;;;;;;;;x;
EVTOPTA90902;Liberdade!;;Freiheit!;;;;;;;;;;;x;
EVTNAME90040;A Rebelião do Sepoy;;Der Sepoyaufstand;;;;;;;;;;;x;
EVTDESC90040;A Índia se ergue em rebelião!;;Indien erhebt sich in Rebellion!;;;;;;;;;;;x;
EVTOPTA90040;Isso pode significar problemas.;;Das bedeutet Ärger.;;;;;;;;;;;x;
CRISIS_DESCRIPTION_LIBERATION;Crise sobre a libertação do(a) $COUNTRY$.;;Konflikt um die Befreiung von $COUNTRY$.;;;;;;;;x;;;;
CRISIS_DESCRIPTION_RECLAIM;Crise sobre o retorno dos territórios legítimos do(a) $COUNTRY$.;;Konflikt um die Rückgewinnung rechtmäßiger Gebiete von $COUNTRY$.;;;;;;;;x;;;;
CRISIS_ALREADY_TAKEN_SIDE;Já escolhi um lado;;Bereits eine Seite gewählt;;;;;;;;;;;x;
CRISIS_WAITING_ON_BACKER;Aguardando o apoio das Grandes Potências;;Wartet auf die Unterstützung der Großmacht;;;;;;;;;;;x;
MUST_BE_CRISIS_SIDE_LEADER;Deve ser líder de um lado na crise;;Muss ein Anführer einer Seite in dem Konflikt sein;;;;;;;;;;;x;
CRISIS_ALREADY_TAKEN_SIDE;Já tomei o lado;;Bereits auf eine Seite geschlagen;;;;;;;;;;;x;
CRISIS_OFFERTITLE;Faça uma oferta;;Macht ein Angebot;;;;;;;;;;;x;
CRISIS_OFFER_OFFER;$ACTOR$ ofereceu §Y$WARGOAL$§! para se juntar a eles na crise atual.;;$ACTOR$ bietet §Y$WARGOAL$§!, um sich ihrer Seite in dem momentanen Konflikt anzuschließen.;;;;;;;;;;;x;
CRISIS_OFFER_WE_ACCEPT_SETUP;Quando aceitamos entrar em um lado de uma crise;;Wenn wir zustimmen, uns in einem Konflikt einer Seite anzuschließen;;;;;;;;;;;x;
CRISIS_OFFER_WE_ACCEPT_HEADER;O ministro das Relações Exteriores informa;Le ministre des Affaires étrangères indique :;Der Außenminister berichtet;;El ministro de Exteriores informa;;;;;;;;;x ;
CRISIS_OFFER_WE_ACCEPT_1;$MONARCHTITLE$;$MONARCHTITLE$;$MONARCHTITLE$;;$MONARCHTITLE$;;;;;;;;;x ;
CRISIS_OFFER_WE_ACCEPT_2;Nós nos juntamos à $ACTOR$ na atual crise com a seguinte oferta:;;Wir haben uns $ACTOR$ im aktuellen Konflikt mit folgendem Angebot angeschlossen:;;;;;;;x;;;;;
CRISIS_OFFER_WE_ACCEPT_3;$WARGOAL$;§Y$WARGOAL$§W;$WARGOAL$;;$WARGOAL$;;;;;;;;;x;
CRISIS_OFFER_WE_ACCEPT_4;*;*;*;*;*;*;*;;;;;;;x;
CRISIS_OFFER_WE_ACCEPT_5;*;*;*;*;*;*;*;;;;;;;x;
CRISIS_OFFER_WE_ACCEPT_6;*;*;*;*;*;*;*;;;;;;;x;
CRISIS_OFFER_WE_ACCEPT_BTN1;OK;D'accord;OK;OK;OK;Aceptar;OK;Rendben;OK;;;;;;x
CRISIS_OFFER_WE_ACCEPT_BTN2;OK;D'accord;OK;OK;OK;Aceptar;OK;Rendben;OK;;;;;;x
CRISIS_OFFER_WE_ACCEPT_BTN3;Ir para;Voir;Geht zu;IdŸ do;Ir allí;Andare;Ugrás;Pøejít na;;;;;;x;
CRISIS_OFFER_WE_ACCEPT_LOG;Nós nos juntamos à crise atual;;Wir sind dem aktuellen Konflikt beigetreten;;;;;;;;;;;x;
CRISIS_OFFER_THEY_ACCEPT_SETUP;Quando alguém aceita se juntar a nós em uma crise;;Wenn jemand zustimmt, unsere Seite in einem Konflikt zu unterstützen;;;;;;;;;;;x;
CRISIS_OFFER_THEY_ACCEPT_HEADER;O ministro das Relações Exteriores informa;Le ministre des Affaires étrangères indique :;Der Außenminister berichtet;;El ministro de Exteriores informa;;;;;;;;;x ;
CRISIS_OFFER_THEY_ACCEPT_1;$MONARCHTITLE$;$MONARCHTITLE$;$MONARCHTITLE$;;$MONARCHTITLE$;;;;;;;;;x ;
CRISIS_OFFER_THEY_ACCEPT_2;Nós nos juntamos a $RECIPIENT$ na atual crise com a seguinte oferta:;;Wir haben uns $RECIPIENT$ im aktuellen Konflikt mit folgendem Angebot angeschlossen:;;;;;;;x;;;;;
CRISIS_OFFER_THEY_ACCEPT_3;$WARGOAL$;§Y$WARGOAL$§W;$WARGOAL$;;$WARGOAL$;;;;;;;;;x ;
CRISIS_OFFER_THEY_ACCEPT_4;*;*;*;*;*;*;*;;;;;;;x;
CRISIS_OFFER_THEY_ACCEPT_5;*;*;*;*;*;*;*;;;;;;;x;
CRISIS_OFFER_THEY_ACCEPT_6;*;*;*;*;*;*;*;;;;;;;x;
CRISIS_OFFER_THEY_ACCEPT_BTN1;OK;D'accord;OK;OK;OK;Aceptar;OK;Rendben;OK;;;;;;x
CRISIS_OFFER_THEY_ACCEPT_BTN2;OK;D'accord;OK;OK;OK;Aceptar;OK;Rendben;OK;;;;;;x
CRISIS_OFFER_THEY_ACCEPT_BTN3;Ir para;Voir;Geht zu;IdŸ do;Ir allí;Andare;Ugrás;Pøejít na;;;;;;x;
CRISIS_OFFER_THEY_ACCEPT_LOG;$RECIPIENT$ juntou-se a nós na atual crise.;;$RECIPIENT$ unterstützt uns im aktuellen Konflikt.;;;;;;;;;;;x;
CRISIS_OFFER_OTHER_ACCEPT_SETUP;Quando alguém se junta ao lado de uma crise;;Wenn jemand die im Konflikt befindliche Seite unterstützt;;;;;;;;;;;x;
CRISIS_OFFER_OTHER_ACCEPT_HEADER;O ministro das Relações Exteriores informa;Le ministre des Affaires étrangères indique :;Der Außenminister berichtet;;El ministro de Exteriores informa;;;;;;;;;x ;
CRISIS_OFFER_OTHER_ACCEPT_1;$MONARCHTITLE$;$MONARCHTITLE$;$MONARCHTITLE$;;$MONARCHTITLE$;;;;;;;;;x ;
CRISIS_OFFER_OTHER_ACCEPT_2;Iminente ameaça;;Ungemach droht;;;;;;;;;;;x;
CRISIS_OFFER_OTHER_ACCEPT_3;Parece que o $RECIPIENT$;;Es scheint, dass $RECIPIENT$;;;;;;;;;;;x;
CRISIS_OFFER_OTHER_ACCEPT_4;decidiu se juntar à crise atual;;sich dazu entschlossen hat, dem aktuellen Konflikt;;;;;;;;;;;x;
CRISIS_OFFER_OTHER_ACCEPT_5;do lado do(a) $ACTOR$;;auf der Seite von $ACTOR$ anzuschließen;;;;;;;;;;;x;
CRISIS_OFFER_OTHER_ACCEPT_6;*;*;*;*;*;*;*;;;;;;;x;
CRISIS_OFFER_OTHER_ACCEPT_BTN1;OK;D'accord;OK;OK;OK;Aceptar;OK;Rendben;OK;;;;;;x
CRISIS_OFFER_OTHER_ACCEPT_BTN2;OK;D'accord;OK;OK;OK;Aceptar;OK;Rendben;OK;;;;;;x
CRISIS_OFFER_OTHER_ACCEPT_BTN3;Ir para;Voir;Geht zu;IdŸ do;Ir allí;Andare;Ugrás;Pøejít na;;;;;;x;
CRISIS_OFFER_OTHER_ACCEPT_LOG;$RECIPIENT$ juntou-se à crise atual.;;$RECIPIENT$ schließt sich dem aktuellen Konflikt an.;;;;;;;;;;;x;
CRISIS_OFFER_WE_DECLINE_SETUP;Quando nos recusamos a nos juntar a um lado em uma crise;;Wenn wir es ablehnen, uns in diesem Konflikt einer Seite anzuschließen;;;;;;;;;;;x;
CRISIS_OFFER_WE_DECLINE_HEADER;O ministro das Relações Exteriores informa;Le ministre des Affaires étrangères indique :;Der Außenminister berichtet;;El ministro de Exteriores informa;;;;;;;;;x ;
CRISIS_OFFER_WE_DECLINE_1;$MONARCHTITLE$;$MONARCHTITLE$;$MONARCHTITLE$;;$MONARCHTITLE$;;;;;;;;;x ;
CRISIS_OFFER_WE_DECLINE_2;Nós nos recusamos a apoiar o $ACTOR$ no conflito atual;;Wir haben es abgelehnt, $ACTOR$ im aktuellen Konflikt zu unterstützen;;;;;;;x;;;;;
CRISIS_OFFER_WE_DECLINE_3;*;*;*;*;*;*;*;;;;;;;x;
CRISIS_OFFER_WE_DECLINE_4;*;*;*;*;*;*;*;;;;;;;x;
CRISIS_OFFER_WE_DECLINE_5;*;*;*;*;*;*;*;;;;;;;x;
CRISIS_OFFER_WE_DECLINE_6;*;*;*;*;*;*;*;;;;;;;x;
CRISIS_OFFER_WE_DECLINE_BTN1;OK;D'accord;OK;OK;OK;Aceptar;OK;Rendben;OK;;;;;;x
CRISIS_OFFER_WE_DECLINE_BTN2;OK;D'accord;OK;OK;OK;Aceptar;OK;Rendben;OK;;;;;;x
CRISIS_OFFER_WE_DECLINE_BTN3;Ir para;Voir;Geht zu;IdŸ do;Ir allí;Andare;Ugrás;Pøejít na;;;;;;x;
CRISIS_OFFER_WE_DECLINE_LOG;Nós nos recusamos a participar da atual crise;;Wir haben es abgelehnt, uns dem aktuellen Konflikt anzuschließen;;;;;;;;;;;x;
CRISIS_OFFER_THEY_DECLINE_SETUP;Quando alguém se recusa a se juntar ao nosso lado em uma crise;;Wenn es jemand ablehnt, unsere Seite in einem Konflikt zu unterstützen;;;;;;;;;;;x;
CRISIS_OFFER_THEY_DECLINE_HEADER;O ministro das Relações Exteriores informa;Le ministre des Affaires étrangères indique :;Der Außenminister berichtet;;El ministro de Exteriores informa;;;;;;;;;x ;
CRISIS_OFFER_THEY_DECLINE_1;$MONARCHTITLE$;$MONARCHTITLE$;$MONARCHTITLE$;;$MONARCHTITLE$;;;;;;;;;x ;
CRISIS_OFFER_THEY_DECLINE_2;$RECIPIENT$ recusou-se a participar das negociações sobre a atual crise.;;$RECIPIENT$ hat den Beitritt zu Gesprächen über den aktuellen Konflikt abgelehnt.;;;;;;;;;;;x;
CRISIS_OFFER_THEY_DECLINE_3;*;*;*;*;*;*;*;;;;;;;x;
CRISIS_OFFER_THEY_DECLINE_4;*;*;*;*;*;*;*;;;;;;;x;
CRISIS_OFFER_THEY_DECLINE_5;*;*;*;*;*;*;*;;;;;;;x;
CRISIS_OFFER_THEY_DECLINE_6;*;*;*;*;*;*;*;;;;;;;x;
CRISIS_OFFER_THEY_DECLINE_BTN1;OK;D'accord;OK;OK;OK;Aceptar;OK;Rendben;OK;;;;;;x
CRISIS_OFFER_THEY_DECLINE_BTN2;OK;D'accord;OK;OK;OK;Aceptar;OK;Rendben;OK;;;;;;x
CRISIS_OFFER_THEY_DECLINE_BTN3;Ir para;Voir;Geht zu;IdŸ do;Ir allí;Andare;Ugrás;Pøejít na;;;;;;x;
CRISIS_OFFER_THEY_DECLINE_LOG;$RECIPIENT$ se recusou a participar da crise atual.;;$RECIPIENT$ hat es abgelehnt, sich dem aktuellen Konflikt anzuschließen.;;;;;;;;;;;x;
CRISIS_OFFER_OTHER_DECLINE_SETUP;Quando alguém recusa o lado de uma crise;;Wenn es jemand ablehnt, die in einem Konflikt befindliche Seite zu wählen;;;;;;;;;;;x;
CRISIS_OFFER_OTHER_DECLINE_HEADER;O ministro das Relações Exteriores informa;Le ministre des Affaires étrangères indique :;Der Außenminister berichtet;;El ministro de Exteriores informa;;;;;;;;;x ;
CRISIS_OFFER_OTHER_DECLINE_1;$MONARCHTITLE$;$MONARCHTITLE$;$MONARCHTITLE$;;$MONARCHTITLE$;;;;;;;;;x ;
CRISIS_OFFER_OTHER_DECLINE_2;As coisas não parecem estar fora de controle ainda.;;Die Dinge scheinen noch nicht außer Kontrolle zu sein.;;;;;;;;;;;x;
CRISIS_OFFER_OTHER_DECLINE_3;Parece que o $RECIPIENT$;;Es scheint, dass $RECIPIENT$;;;;;;;;;;;x;
CRISIS_OFFER_OTHER_DECLINE_4;recusou-se a juntar-se à crise atual;;es abgelehnt hat, sich dem aktuellen Konflikt;;;;;;;;;;;x;
CRISIS_OFFER_OTHER_DECLINE_5;do lado do(a) $ACTOR$;;auf der Seite von $ACTOR$ anzuschließen;;;;;;;;;;;x;
CRISIS_OFFER_OTHER_DECLINE_6;*;*;*;*;*;*;*;;;;;;;x;
CRISIS_OFFER_OTHER_DECLINE_BTN1;OK;D'accord;OK;OK;OK;Aceptar;OK;Rendben;OK;;;;;;x
CRISIS_OFFER_OTHER_DECLINE_BTN2;OK;D'accord;OK;OK;OK;Aceptar;OK;Rendben;OK;;;;;;x
CRISIS_OFFER_OTHER_DECLINE_BTN3;Ir para;Voir;Geht zu;IdŸ do;Ir allí;Andare;Ugrás;Pøejít na;;;;;;x;
CRISIS_OFFER_OTHER_DECLINE_LOG;$RECIPIENT$ se recusou a participar da crise atual.;;$RECIPIENT$ hat es abgelehnt, sich dem aktuellen Konflikt anzuschließen.;;;;;;;;;;;x;
BACK_CRISISTITLE;Back country in crisis;;Unterstützt das Land im Konflikt;;;;;;;;;;;x;
BACK_CRISIS_OFFER;$ACTOR$ nos pedem para apoiar o seu lado na atual crise.;;$ACTOR$ bittet uns, ihre Seite im aktuellen Konflikt zu unterstützen.;;;;;;;;;;;x;
BACK_CRISIS_WE_ACCEPT_SETUP;Quando aceitamos apoiar um lado de uma crise;;Wenn wir zustimmen, eine Seite im Konflikt zu unterstützen;;;;;;;;;;;x;
BACK_CRISIS_WE_ACCEPT_HEADER;O ministro das Relações Exteriores informa;Le ministre des Affaires étrangères indique :;Der Außenminister berichtet;;El ministro de Exteriores informa;;;;;;;;;x ;
BACK_CRISIS_WE_ACCEPT_1;$MONARCHTITLE$;$MONARCHTITLE$;$MONARCHTITLE$;;$MONARCHTITLE$;;;;;;;;;x ;
BACK_CRISIS_WE_ACCEPT_2;We have decided to back $ACTOR$ in the current crisis.;;Wir haben beschlossen, $ACTOR$ in dem aktuellen Konflikt zu unterstützen;;;;;;;;;;;x;
BACK_CRISIS_WE_ACCEPT_3;*;*;*;*;*;*;*;;;;;;;x;
BACK_CRISIS_WE_ACCEPT_4;*;*;*;*;*;*;*;;;;;;;x;
BACK_CRISIS_WE_ACCEPT_5;*;*;*;*;*;*;*;;;;;;;x;
BACK_CRISIS_WE_ACCEPT_6;*;*;*;*;*;*;*;;;;;;;x;
BACK_CRISIS_WE_ACCEPT_BTN1;OK;D'accord;OK;OK;OK;Aceptar;OK;Rendben;OK;;;;;;x
BACK_CRISIS_WE_ACCEPT_BTN2;OK;D'accord;OK;OK;OK;Aceptar;OK;Rendben;OK;;;;;;x
BACK_CRISIS_WE_ACCEPT_BTN3;Ir para;Voir;Geht zu;IdŸ do;Ir allí;Andare;Ugrás;Pøejít na;;;;;;x;
BACK_CRISIS_WE_ACCEPT_LOG;Apoiamos um lado na atual crise;;Wir haben eine Seite im aktuellen Konflikt unterstützt;;;;;;;;;;;x;
BACK_CRISIS_THEY_ACCEPT_SETUP;Quando alguém aceita apoiar nosso lado em uma crise;;Wenn jemand zustimmt, unsere Seite in einem Konflikt zu unterstützen;;;;;;;;;;;x;
BACK_CRISIS_THEY_ACCEPT_HEADER;O ministro das Relações Exteriores informa;Le ministre des Affaires étrangères indique :;Der Außenminister berichtet;;El ministro de Exteriores informa;;;;;;;;;x ;
BACK_CRISIS_THEY_ACCEPT_1;$MONARCHTITLE$;$MONARCHTITLE$;$MONARCHTITLE$;;$MONARCHTITLE$;;;;;;;;;x ;
BACK_CRISIS_THEY_ACCEPT_2;$RECIPIENT$ decidiu nos apoiar na atual crise.;;$RECIPIENT$ hat beschlossen, uns im aktuellen Konflikt zu unterstützen.;;;;;;;x;;;;;
BACK_CRISIS_THEY_ACCEPT_3;*;*;*;*;*;*;*;;;;;;;x;
BACK_CRISIS_THEY_ACCEPT_4;*;*;*;*;*;*;*;;;;;;;x;
BACK_CRISIS_THEY_ACCEPT_5;*;*;*;*;*;*;*;;;;;;;x;
BACK_CRISIS_THEY_ACCEPT_6;*;*;*;*;*;*;*;;;;;;;x;
BACK_CRISIS_THEY_ACCEPT_BTN1;OK;D'accord;OK;OK;OK;Aceptar;OK;Rendben;OK;;;;;;x
BACK_CRISIS_THEY_ACCEPT_BTN2;OK;D'accord;OK;OK;OK;Aceptar;OK;Rendben;OK;;;;;;x
BACK_CRISIS_THEY_ACCEPT_BTN3;Ir para;Voir;Geht zu;IdŸ do;Ir allí;Andare;Ugrás;Pøejít na;;;;;;x;
BACK_CRISIS_THEY_ACCEPT_LOG;$RECIPIENT$ nos apoiou na crise atual.;;$RECIPIENT$ hat uns im aktuellen Konflikt unterstützt.;;;;;;;;;;;x;
BACK_CRISIS_OTHER_ACCEPT_SETUP;Quando alguém apoia o outro lado de uma crise;;Wenn jemand die andere Seite in einem Konflikt unterstützt;;;;;;;;;;;x;
BACK_CRISIS_OTHER_ACCEPT_HEADER;O ministro das Relações Exteriores informa;Le ministre des Affaires étrangères indique :;Der Außenminister berichtet;;El ministro de Exteriores informa;;;;;;;;;x ;
BACK_CRISIS_OTHER_ACCEPT_1;$MONARCHTITLE$;$MONARCHTITLE$;$MONARCHTITLE$;;$MONARCHTITLE$;;;;;;;;;x ;
BACK_CRISIS_OTHER_ACCEPT_2;Iminente ameaça;;Ungemach droht;;;;;;;;;;;x;
BACK_CRISIS_OTHER_ACCEPT_3;Parece que o $RECIPIENT$;;Es scheint, dass $RECIPIENT$;;;;;;;;;;;x;
BACK_CRISIS_OTHER_ACCEPT_4;decidiu apoiar o $ACTOR$ na atual crise;;sich dazu entschlossen hat, $ACTOR$ im aktuellen Konflikt zu unterstützen;;;;;;;;;;;x;
BACK_CRISIS_OTHER_ACCEPT_5;*;*;*;*;*;*;*;;;;;;;x;
BACK_CRISIS_OTHER_ACCEPT_6;*;*;*;*;*;*;*;;;;;;;x;
BACK_CRISIS_OTHER_ACCEPT_BTN1;OK;D'accord;OK;OK;OK;Aceptar;OK;Rendben;OK;;;;;;x
BACK_CRISIS_OTHER_ACCEPT_BTN2;OK;D'accord;OK;OK;OK;Aceptar;OK;Rendben;OK;;;;;;x
BACK_CRISIS_OTHER_ACCEPT_BTN3;Ir para;Voir;Geht zu;IdŸ do;Ir allí;Andare;Ugrás;Pøejít na;;;;;;x;
BACK_CRISIS_OTHER_ACCEPT_LOG;$RECIPIENT$ juntou-se à crise atual.;;$RECIPIENT$ ist dem aktuellen Konflikt beigetreten.;;;;;;;;;;;x;
BACK_CRISIS_WE_DECLINE_SETUP;Quando recusamos apoiar um lado de uma crise;;Wenn wir es ablehnen, eine Seite in einem Konflikt zu unterstützen;;;;;;;;;;;x;
BACK_CRISIS_WE_DECLINE_HEADER;O ministro das Relações Exteriores informa;Le ministre des Affaires étrangères indique :;Der Außenminister berichtet:;;El ministro de Exteriores informa;;;;;;;;;x ;
BACK_CRISIS_WE_DECLINE_1;$MONARCHTITLE$;$MONARCHTITLE$;$MONARCHTITLE$;;$MONARCHTITLE$;;;;;;;;;x ;
BACK_CRISIS_WE_DECLINE_2;Nós nos recusamos a apoiar o $ACTOR$ na atual crise;;Wir haben es abgelehnt, $ACTOR$ im aktuellen Konflikt zu unterstützen;;;;;;;;;;;x;
BACK_CRISIS_WE_DECLINE_3;*;*;*;*;*;*;*;;;;;;;x;
BACK_CRISIS_WE_DECLINE_4;*;*;*;*;*;*;*;;;;;;;x;
BACK_CRISIS_WE_DECLINE_5;*;*;*;*;*;*;*;;;;;;;x;
BACK_CRISIS_WE_DECLINE_6;*;*;*;*;*;*;*;;;;;;;x;
BACK_CRISIS_WE_DECLINE_BTN1;OK;D'accord;OK;OK;OK;Aceptar;OK;Rendben;OK;;;;;;x
BACK_CRISIS_WE_DECLINE_BTN2;OK;D'accord;OK;OK;OK;Aceptar;OK;Rendben;OK;;;;;;x
BACK_CRISIS_WE_DECLINE_BTN3;Ir para;Voir;Geht zu;IdŸ do;Ir allí;Andare;Ugrás;Pøejít na;;;;;;x;
BACK_CRISIS_WE_DECLINE_LOG;Nós nos recusamos a participar da atual crise;;Wir haben es abgelehnt, dem aktuellen Konflikt beizutreten;;;;;;;;;;;x;
BACK_CRISIS_THEY_DECLINE_SETUP;Quando alguém se recusa a apoiar nosso lado em uma crise;;Wenn es jemand ablehnt, unsere Seite in einem Konflikt zu unterstützen;;;;;;;;;;;x;
BACK_CRISIS_THEY_DECLINE_HEADER;O ministro das Relações Exteriores informa;Le ministre des Affaires étrangères indique :;Der Außenminister berichtet;;El ministro de Exteriores informa;;;;;;;;;x ;
BACK_CRISIS_THEY_DECLINE_1;$MONARCHTITLE$;$MONARCHTITLE$;$MONARCHTITLE$;;$MONARCHTITLE$;;;;;;;;;x ;
BACK_CRISIS_THEY_DECLINE_2;$RECIPIENT$ declined to back us in the current crisis.;;$RECIPIENT$ hat es abgelehnt, uns im aktuellen Konflikt zu unterstützen.;;;;;;;;;;;x;
BACK_CRISIS_THEY_DECLINE_3;*;*;*;*;*;*;*;;;;;;;x;
BACK_CRISIS_THEY_DECLINE_4;*;*;*;*;*;*;*;;;;;;;x;
BACK_CRISIS_THEY_DECLINE_5;*;*;*;*;*;*;*;;;;;;;x;
BACK_CRISIS_THEY_DECLINE_6;*;*;*;*;*;*;*;;;;;;;x;
BACK_CRISIS_THEY_DECLINE_BTN1;OK;D'accord;OK;OK;OK;Aceptar;OK;Rendben;OK;;;;;;x
BACK_CRISIS_THEY_DECLINE_BTN2;OK;D'accord;OK;OK;OK;Aceptar;OK;Rendben;OK;;;;;;x
BACK_CRISIS_THEY_DECLINE_BTN3;Ir para;Voir;Geht zu;IdŸ do;Ir allí;Andare;Ugrás;Pøejít na;;;;;;x;
BACK_CRISIS_THEY_DECLINE_LOG;$RECIPIENT$ recusou-se a apoiar $ACTOR$ na atual crise.;;$RECIPIENT$ hat es abgelehnt, $ACTOR$ im aktuellen Konflikt zu unterstützen.;;;;;;;;;;;x;
BACK_CRISIS_OTHER_DECLINE_SETUP;When someone declines the side of a crisis;;Wenn es jemand ablehnt, die im Konflikt befindliche Seite zu unterstützen;;;;;;;;;;;x;
BACK_CRISIS_OTHER_DECLINE_HEADER;O ministro das Relações Exteriores informa;Le ministre des Affaires étrangères indique :;Der Außenminister berichtet;;El ministro de Exteriores informa;;;;;;;;;x ;
BACK_CRISIS_OTHER_DECLINE_1;$MONARCHTITLE$;$MONARCHTITLE$;$MONARCHTITLE$;;$MONARCHTITLE$;;;;;;;;;x ;
BACK_CRISIS_OTHER_DECLINE_2;As coisas não parecem estar fora de controle ainda.;;Die Dinge scheinen noch nicht außer Kontrolle zu sein.;;;;;;;;;;;x;
BACK_CRISIS_OTHER_DECLINE_3;Parece que o $RECIPIENT$;;Es scheint, dass $RECIPIENT$;;;;;;;;;;;x;
BACK_CRISIS_OTHER_DECLINE_4;se recusou a apoiar o $ACTOR$ na atual crise;;es abgelehnt hat, $ACTOR$ im aktuellen Konflikt zu unterstützen;;;;;;;;;;;x;
BACK_CRISIS_OTHER_DECLINE_5;*;*;*;*;*;*;*;;;;;;;x;
BACK_CRISIS_OTHER_DECLINE_6;*;*;*;*;*;*;*;;;;;;;x;
BACK_CRISIS_OTHER_DECLINE_BTN1;OK;D'accord;OK;OK;OK;Aceptar;OK;Rendben;OK;;;;;;x
BACK_CRISIS_OTHER_DECLINE_BTN2;OK;D'accord;OK;OK;OK;Aceptar;OK;Rendben;OK;;;;;;x
BACK_CRISIS_OTHER_DECLINE_BTN3;Ir para;Voir;Geht zu;IdŸ do;Ir allí;Andare;Ugrás;Pøejít na;;;;;;x;
BACK_CRISIS_OTHER_DECLINE_LOG;$RECIPIENT$ recusou-se a apoiar $ACTOR$ na atual crise.;;$RECIPIENT$ hat es abgelehnt, $ACTOR$ im aktuellen Konflikt zu unterstützen.;;;;;;;;;;;x;
CRISIS_PROGRESS_DESC;Quando esse contador atinge o máximo, o tempo para a diplomacia termina e o conflito se transformará em guerra.;;Wenn dieser Zähler das Maximum erreicht, ist die Zeit für Diplomatie vorrüber und der Konflikt wird in einen Krieg ausarten.;;;;;;;;;;;x;
CRISIS_WAITING_DESC;Pelo menos um lado da crise está esperando por uma Grande Potência para apoiá-los.;;Wenigstens eine Seite des Konflikts wartet auf die Unterstützung durch eine Großmacht.;;;;;;;;;;;x;
EFFECT_CRISIS_INTEREST;$COUNTRY$ declara interesse na crise atual;;$COUNTRY$ erklärt sein Interesse am aktuellen Konflikt;;;;;;;;;;;x;
EVTNAME20000;Uma crise internacional está se formando!;;Ein internationaler Konflikt brodelt!;;;;;;;;;;;x;
EVTDESC20000;Como uam Grande Potência, espera-se que afirmemos nossa posição.;;Als Großmacht erwartet man von uns, unsere Position festzulegen.;;;;;;;;;;;x;
EVTOPTA20000;Sim, estamos interessados nessa crise;;Ja, wir sind an diesem Konflikt interessiert;;;;;;;;;;;x;
EVTOPTB20000;Isso não nos diz respeito;;Das geht uns nichts an;;;;;;;;;;;x;
CRISIS_BACK_DOWN;Propor solução;;Schlagt eine Lösung vor;;;;;;;;;;;x;
CRISISOFFERDESC;$COUNTRY$ está oferecendo para resolver a crise atual a nosso favor:;;$COUNTRY$ schlägt vor, den Konflikt zu unserem Vorteil beizulegen:;;;;;;;;;;;x;
CRISISDEMANDDESC;$COUNTRY$ está exigindo que resolvamos a crise atual a seu favor:;;$COUNTRY$ fordert, dass wir den Konflikt zu ihrem Vorteil beilegen:;;;;;;;;;;;x;
crisis_free_peoples;Libertar a população;Libérer la population;Freies Volk;;Liberar pueblo;;;;;;;;;x;
crisis_free_peoples_short;$THIRD$ adquiriu $STATE$;$THIRD$ prend $STATE$;$THIRD$ erwirbt $STATE$;;$THIRD$ adquiere $STATE$;;;;;;;;;x;
crisis_free_peoples_setup;Hand $STATE$ back to $THIRD$ from $RECIPIENT$;Prendre $STATE$ à $RECIPIENT$ pour le rendre à $THIRD$;Geben Sie $STATE$ an $THIRD$ von $RECIPIENT$ zurück;;Arrebatar el estado de $STATE$ de manos de $RECIPIENT$ y devolvérselo a $THIRD$;;;;;;;;;x;
CRISIS_BACK_DOWN_WE_ACCEPT_SETUP;Quando aceitamos uma oferta do outro lado em uma crise;;Wenn wir das Angebot der anderen Seite in einem Konflikt akzeptieren;;;;;;;;;;;x;
CRISIS_BACK_DOWN_WE_ACCEPT_HEADER;$MESSENGER$;$MESSENGER$;$MESSENGER$;;$MESSENGER$;;;;;;;;;x;
CRISIS_BACK_DOWN_WE_ACCEPT_1;$ACTOR$;$ACTOR$;$ACTOR$;;$ACTOR$;;;;;;;;;x;
CRISIS_BACK_DOWN_WE_ACCEPT_2;Aceitamos uma oferta para resolver a crise atual do(a);;Wir haben zugestimmt, ein Angebot zur Beendigung dieses Konflikts von;;;;;;;;;;;x;
CRISIS_BACK_DOWN_WE_ACCEPT_3;$ACTOR$;$ACTOR$;$ACTOR$;;$ACTOR$;;;;;;;;;x;
CRISIS_BACK_DOWN_WE_ACCEPT_4;nos seguintes termos:;aux conditions suivantes :;zu folgenden Bedingungen anzunehmen:;;en los siguientes términos:;;;;;;;;;x;
CRISIS_BACK_DOWN_WE_ACCEPT_5; $TERMS$; §Y$TERMS$§W; $TERMS$;; $TERMS$;;;;;;;;;x;
CRISIS_BACK_DOWN_WE_ACCEPT_6;*;*;*;*;*;*;*;;;;;;;x;
CRISIS_BACK_DOWN_WE_ACCEPT_LOG;Aceitamos a oferta para resolver a crise do(a) $ACTOR$.;;Wir haben das Angebot von  $ACTOR$ zur Beendigung des Konflikts angenommen.;;;;;;;;;;;x;
CRISIS_BACK_DOWN_WE_ACCEPT_BTN1;Perfeito!;Parfait !;Gut!;;¡Bien!;;;;;;;;;x;
CRISIS_BACK_DOWN_WE_ACCEPT_BTN2;Perfeito!;Parfait !;Gut!;;¡Bien!;;;;;;;;;x;
CRISIS_BACK_DOWN_WE_ACCEPT_BTN3;Ir para;Voir;Geht zu;;Ir allí;;;;;;;;;x;
CRISIS_BACK_DOWN_WE_ACCEPT_MAP;Paz!;Paix !;Frieden!;;¡Paz!;;;;;;;;;x;
CRISIS_BACK_DOWN_THEY_ACCEPT_SETUP;Quando uma nação aceita sua oferta para resolver uma crise;;Wenn eine Nation Euer Angebot zur Beendigung eines Konflikts annimmt;;;;;;;;;;;x;
CRISIS_BACK_DOWN_THEY_ACCEPT_HEADER;$MESSENGER$;$MESSENGER$;$MESSENGER$;;$MESSENGER$;;;;;;;;;x;
CRISIS_BACK_DOWN_THEY_ACCEPT_1;$RECIPIENT$;$RECIPIENT$;$RECIPIENT$;;$RECIPIENT$;;;;;;;;;x;
CRISIS_BACK_DOWN_THEY_ACCEPT_2;$RECIPIENT$;$RECIPIENT$;$RECIPIENT$;;$RECIPIENT$;;;;;;;;;x;
CRISIS_BACK_DOWN_THEY_ACCEPT_3;aceitou a nossa oferta de uma solução para a crise atual;;hat unser Angebot zur Beendigung des Konflikts angenommen;;;;;;;;;;;x;
CRISIS_BACK_DOWN_THEY_ACCEPT_4;*;*;*;;*;;;;;;;;;x;
CRISIS_BACK_DOWN_THEY_ACCEPT_5;*;*;*;;*;;;;;;;;;x;
CRISIS_BACK_DOWN_THEY_ACCEPT_6;Termos: $TERMS$;Conditions : $TERMS$;Bedingungen: $TERMS$;;Términos: $TERMS$;;;;;;;;;x;
CRISIS_BACK_DOWN_THEY_ACCEPT_LOG;$RECIPIENT$ aceitou nossa oferta de paz.;$RECIPIENT$ a accepté notre offre de paix.;$RECIPIENT$ akzeptierte unser Friedensangebot.;;$RECIPIENT$ ha aceptado nuestra oferta de paz.;;;;;;;;;x;
CRISIS_BACK_DOWN_THEY_ACCEPT_BTN1;Perfeito!;Parfait !;Gut!;;¡Bien!;;;;;;;;;x;
CRISIS_BACK_DOWN_THEY_ACCEPT_BTN2;Perfeito!;Parfait !;Gut!;;¡Bien!;;;;;;;;;x;
CRISIS_BACK_DOWN_THEY_ACCEPT_BTN3;Ir para;Voir;Geht zu;;Ir allí;;;;;;;;;x;
CRISIS_BACK_DOWN_THEY_ACCEPT_MAP;*;*;*;*;*;*;*;;;;;;;x;
CRISIS_BACK_DOWN_OTHER_ACCEPT_SETUP;Quando uma nação aceita uma oferta para resolver uma crise;;Wenn eine Nation ein Angebot zur Beendigung eines Konflikts annimmt;;;;;;;;;;;x;
CRISIS_BACK_DOWN_OTHER_ACCEPT_HEADER;$MESSENGER$;$MESSENGER$;$MESSENGER$;;$MESSENGER$;;;;;;;;;x;
CRISIS_BACK_DOWN_OTHER_ACCEPT_1;$RECIPIENT$;$RECIPIENT$;$RECIPIENT$;;$RECIPIENT$;;;;;;;;;x;
CRISIS_BACK_DOWN_OTHER_ACCEPT_2;$RECIPIENT$;$RECIPIENT$;$RECIPIENT$;;$RECIPIENT$;;;;;;;;;x;
CRISIS_BACK_DOWN_OTHER_ACCEPT_3;aceitou a oferta de crise do(a);;hat das Friedensangebot angenommen, und zwar von;;;;;;;;;;;x;
CRISIS_BACK_DOWN_OTHER_ACCEPT_4;$ACTOR$;$ACTOR$.;$ACTOR$;;$ACTOR$;;;;;;;;;x;
CRISIS_BACK_DOWN_OTHER_ACCEPT_5;*;*;*;;*;;;;;;;;;x;
CRISIS_BACK_DOWN_OTHER_ACCEPT_6;Termos: $TERMS$;Conditions : $TERMS$;Bedingungen: $TERMS$;;Términos: $TERMS$;;;;;;;;;x;
CRISIS_BACK_DOWN_OTHER_ACCEPT_LOG;$RECIPIENT$ aceitou a oferta de crise do(a) $ACTOR$.;;$RECIPIENT$ hat das Friedensangebot von $ACTOR$ angenommen.;;;;;;;;;;;x;
CRISIS_BACK_DOWN_OTHER_ACCEPT_BTN1;Perfeito!;Parfait !;Gut!;;¡Bien!;;;;;;;;;x;
CRISIS_BACK_DOWN_OTHER_ACCEPT_BTN2;Perfeito!;Parfait !;Gut!;;¡Bien!;;;;;;;;;x;
CRISIS_BACK_DOWN_OTHER_ACCEPT_BTN3;Ir para;Voir;Geht zu;;Ir allí;;;;;;;;;x;
CRISIS_BACK_DOWN_OTHER_ACCEPT_MAP;*;*;*;*;*;*;*;;;;;;;x;
CRISIS_BACK_DOWN_WE_DECLINE_SETUP;Quando recusamos uma oferta para resolver uma crise;;Wenn wir ein Angebot zur Beendigung eines Konflikts ablehnen;;;;;;;;;;;x;
CRISIS_BACK_DOWN_WE_DECLINE_HEADER;$MESSENGER$;$MESSENGER$;$MESSENGER$;;$MESSENGER$;;;;;;;;;x;
CRISIS_BACK_DOWN_WE_DECLINE_1;$ACTOR$;$ACTOR$;$ACTOR$;;$ACTOR$;;;;;;;;;x;
CRISIS_BACK_DOWN_WE_DECLINE_2;Nós recusamos a oferta de paz do(a);;Wir haben das Friedensangebot von;;;;;;;;;;;x;
CRISIS_BACK_DOWN_WE_DECLINE_3;$ACTOR$;$ACTOR$;$ACTOR$;;$ACTOR$;;;;;;;;;x;
CRISIS_BACK_DOWN_WE_DECLINE_4;nos seguintes termos:;;zu den folgenden Bedingungen abgelehnt:;;;;;;;;;;;x;
CRISIS_BACK_DOWN_WE_DECLINE_5;*;*;*;;*;;;;;;;;;x;
CRISIS_BACK_DOWN_WE_DECLINE_6;*;*;*;;*;;;;;;;;;x;
CRISIS_BACK_DOWN_WE_DECLINE_LOG;Nós recusamos a oferta de sugestão de crise do(a) $ACTOR$.;;Wir haben den Friedensvorschlag von $ACTOR$ zur Beendigung des Konflikts abgelehnt.;;;;;;;;;;;x;
CRISIS_BACK_DOWN_WE_DECLINE_BTN1;Perfeito!;Parfait !;Gut!;;¡Bien!;;;;;;;;;x;
CRISIS_BACK_DOWN_WE_DECLINE_BTN2;Perfeito!;Parfait !;Gut!;;¡Bien!;;;;;;;;;x;
CRISIS_BACK_DOWN_WE_DECLINE_BTN3;Ir para;Voir;Geht zu;;Ir allí;;;;;;;;;x;
CRISIS_BACK_DOWN_WE_DECLINE_MAP;*;*;*;*;*;*;*;;;;;;;x;
CRISIS_BACK_DOWN_THEY_DECLINE_SETUP;Quando uma nação recusa sua oferta para resolver uma crise;;Wenn eine Nation Euer Angebot zur Beendigung eines Konflikts ablehnt;;;;;;;;;;;x;
CRISIS_BACK_DOWN_THEY_DECLINE_HEADER;$MESSENGER$;$MESSENGER$;$MESSENGER$;;$MESSENGER$;;;;;;;;;x;
CRISIS_BACK_DOWN_THEY_DECLINE_1;$RECIPIENT$;$RECIPIENT$;$RECIPIENT$;;$RECIPIENT$;;;;;;;;;x;
CRISIS_BACK_DOWN_THEY_DECLINE_2;$RECIPIENT$;$RECIPIENT$;$RECIPIENT$;;$RECIPIENT$;;;;;;;;;x;
CRISIS_BACK_DOWN_THEY_DECLINE_3;rejeitou a nossa oferta generosa para resolver a crise.;;hat unser spendables Angebot zur Beendigung des Konflikts abgelehnt;;;;;;;;;;;x;
CRISIS_BACK_DOWN_THEY_DECLINE_4;*;*;*;;*;;;;;;;;;x;
CRISIS_BACK_DOWN_THEY_DECLINE_5;*;*;*;;*;;;;;;;;;x;
CRISIS_BACK_DOWN_THEY_DECLINE_6;*;*;*;;*;;;;;;;;;x;
CRISIS_BACK_DOWN_THEY_DECLINE_LOG;$RECIPIENT$ rejeitou a nossa oferta de solução de crise.;;$RECIPIENT$ hat unser Angebot zur Beendigung des Konflikts abgelehnt.;;;;;;;;;;;x;
CRISIS_BACK_DOWN_THEY_DECLINE_BTN1;Perfeito!;Parfait !;Gut!;;¡Bien!;;;;;;;;;x;
CRISIS_BACK_DOWN_THEY_DECLINE_BTN2;Perfeito!;Parfait !;Gut!;;¡Bien!;;;;;;;;;x;
CRISIS_BACK_DOWN_THEY_DECLINE_BTN3;Ir para;Voir;Geht zu;;Ir allí;;;;;;;;;x;
CRISIS_BACK_DOWN_THEY_DECLINE_MAP;*;*;*;*;*;*;*;;;;;;;x;
CRISIS_BACK_DOWN_OTHER_DECLINE_SETUP;Quando outra nação rejeita uma oferta de crise;Si une nation refuse de faire la paix avec une autre;Wenn eine andere Nation ein Angebot zu einem Konflikt ablehnt;;Cuando una nación rechaza la paz con otra;;;;;;;;;x;
CRISIS_BACK_DOWN_OTHER_DECLINE_HEADER;$MESSENGER$;$MESSENGER$;$MESSENGER$;;$MESSENGER$;;;;;;;;;x;
CRISIS_BACK_DOWN_OTHER_DECLINE_1;$RECIPIENT$;$RECIPIENT$;$RECIPIENT$;;$RECIPIENT$;;;;;;;;;x;
CRISIS_BACK_DOWN_OTHER_DECLINE_2;$RECIPIENT$;$RECIPIENT$;$RECIPIENT$;;$RECIPIENT$;;;;;;;;;x;
CRISIS_BACK_DOWN_OTHER_DECLINE_3;rejeitou a oferta de uma solução de crise;;hat das Angebot zur Beendigung eines Konflikts abgelehnt, und zwar von;;;;;;;;;;;x;
CRISIS_BACK_DOWN_OTHER_DECLINE_4;$ACTOR$;$ACTOR$.;$ACTOR$;;$ACTOR$;;;;;;;;;x;
CRISIS_BACK_DOWN_OTHER_DECLINE_5;*;*;*;;*;;;;;;;;;x;
CRISIS_BACK_DOWN_OTHER_DECLINE_6;*;*;*;;*;;;;;;;;;x;
CRISIS_BACK_DOWN_OTHER_DECLINE_LOG;$RECIPIENT$ rejeitou a oferta de uma solução de crise do(a) $ACTOR$.;;$RECIPIENT$ hat das Angebot zur Beendigung eines Konflikts von $ACTOR$ abgelehnt.;;;;;;;;;;;x;
CRISIS_BACK_DOWN_OTHER_DECLINE_BTN1;Perfeito!;Parfait !;Gut!;;¡Bien!;;;;;;;;;x ;
CRISIS_BACK_DOWN_OTHER_DECLINE_BTN2;Perfeito!;Parfait !;Gut!;;¡Bien!;;;;;;;;;x;
CRISIS_BACK_DOWN_OTHER_DECLINE_BTN3;Ir para;Voir;Geht zu;;Ir allí;;;;;;;;;x;
CRISIS_BACK_DOWN_OTHER_DECLINE_MAP;;*;*;*;*;*;*;*;;;;;;;x
CRISIS_BACK_DOWN_DI;Oferta de solução de crise;;Angebot zur Beendigung eines Konflikts;;;;;;;;;;;x;
CRISIS_OFFER_DI;Juntar-se a um lado de uma crise;;Angebot, einer Seite in einem Konflikt beizutreten;;;;;;;;;;;x;
CRISIS_BACK_DOWNTITLE;Crisis;;Konflikt;;;;;;;;;;;x;
OFFER_CRISIS_PEACE;Offer concessions;;Zugeständnisse anbieten;;;;;;;;;;;x;
DEMAND_CRISIS_PEACE;Demand concessions;;Zugeständnisse fordern;;;;;;;;;;;x;
COLONIAL_POINTS;Colonial Power;;Kolonialmacht;;;;;;;;;;;x;
COLONIAL_POINTS_TECH;Colonial power points;;Kolonialmacht-Wertung;;;;;;;;;;;x;
CRISIS_TITLE_COUNTRY;$COUNTRY_ADJ$ Crisis;;$COUNTRY_ADJ$ Konflikt;;;;;;;;;;;x;
CRISIS_DESCRIPTION_INFLUENCE;A luta pelo controle em $COUNTRY$;;Der Kampf um die Kontrolle in $COUNTRY$;;;;;;;;;;;x;
NAVAL_SORT_LABEL;Ordenar por:;;Sortieren nach:;;;;;;;;;;;x;
NAVAL_SORT_TYPE;Tipo;;Typ;;;;;;;;;;;x;
NAVAL_SORT_STANCE;Posição;;Haltung;;;;;;;;;;;x;
NAVAL_SORT_STR_ORG;Str/Org;;Stärke/Org.;;;;;;;;;;;x;
battleship;Battleship;;Kampfschiff;;;;;;;;;;;x;
UNCOLONIZED_WITHDRAW;Retirada;;Zurückziehen;;;;;;;;;;;x;
UNCOLONIZED_INVEST_LVL1;Expedição;;Expedition;;;;;;;;;;;x;
UNCOLONIZED_INVEST_LVL2;Colonos;;Kolonisten;;;;;;;;;;;x;
UNCOLONIZED_INVEST_LVL3;Posto Avançado;;Außenposten;;;;;;;;;;;x;
UNCOLONIZED_INVEST_LVL4;Assentamento;;Siedlung;;;;;;;;;;;x;
UNCOLONIZED_INVEST_LVL5;Posto de Guarda;;Wachposten;;;;;;;;;;;x;
UNCOLONIZED_DO_INVEST_LVL1;Envie expedição;;Expedition senden;;;;;;;;;;;x;
UNCOLONIZED_DO_INVEST_LVL2;Envie colonos;;Kolonisten senden;;;;;;;;;;;x;
UNCOLONIZED_DO_INVEST_LVL3;Construir posto avançado;;Außenposten bauen;;;;;;;;;;;x;
UNCOLONIZED_DO_INVEST_LVL4;Construir assentamento;;Siedlung bauen;;;;;;;;;;;x;
UNCOLONIZED_DO_INVEST_LVL5;Reforçar o Posto de Guarda;;Wachposten verstärken;;;;;;;;;;;x;
#TENSION_DECAY;Decay: §Y$VAL$§!;;Zerfall: §Y$VAL$§!;;;;;;;;;;;x;
CB_TENSION;Justificativa de guerra: §Y$VAL$§!;Casus Belli: §Y$VAL$§!;Kriegsrechtfertigung: §Y$VAL$§!;;;;;;;;;;;x;
TENSION_FROM_ACTIVE_CRISIS;Crise ativa: §Y$VAL$§!;;Aktive Konflikte: §Y$VAL$§!;;;;;;;;;;;x;
AT_WAR_TENSION_DECAY;$COUNTRY$ está em guerra: §Y$VAL$§;;$COUNTRY$ befindet sich im Krieg: §Y$VAL$§;;;;;;;;;;;x;
TRIGGER_FLASHPOINT_TAG;Flashpoint attacker;;Unruheherd-Angreifer;;;;;;;;;;;x;
CRISIS_NO_SIDE_PICKED_SETUP;Quando evitamos apoiar um dos lados da crise;;Wenn wir es vermieden haben, eine der Seiten in einem Konflikt zu unterstützen;;;;;;;;;;;x;
CRISIS_NO_SIDE_PICKED_HEADER;*;*;*;;*;;;;;;;;;x;
CRISIS_NO_SIDE_PICKED_1;Indecisão Diplomática;*;Diplomatische Unentschlossenheit;;*;;;;;;;;;x;
CRISIS_NO_SIDE_PICKED_2;Por causa de nossa falha em agir;*;Aufgrund unseres Unvermögens zu handeln,;;*;;;;;;;;;x;
CRISIS_NO_SIDE_PICKED_3;nosso prestígio é reduzido por §R$PENALTY$§!.;*;wird unser Prestige um §R$PENALTY$§! reduziert.;;*;;;;;;;;;x;
CRISIS_NO_SIDE_PICKED_4;No futuro, devemos nos posicionar na política internacional ou nos arriscar a ser ignorados.;*;In Zukunft müssen wir in der internationalen Politik Stellung beziehen oder wir riskieren es, ignoriert zu werden.;;*;;;;;;;;;x;
CRISIS_NO_SIDE_PICKED_5;*;*;*;;*;;;;;;;;;x;
CRISIS_NO_SIDE_PICKED_6;*;*;*;;*;;;;;;;;;x;
CRISIS_NO_SIDE_PICKED_LOG;Nós falhamos em agir antes da crise atual ser concluída;;Wir haben es verpasst zu handeln, bevor der aktuelle Konflikt ihren Abschluss fand;;;;;;;;;;;x;
CRISIS_NO_SIDE_PICKED_BTN1;Ok;OK;Ok;;Aceptar;;;;;;;;;x;
CRISIS_STARTED_SETUP;Uma crise internacional começou;;Ein internationaler Konflikt hat begonnen;;;;;;;;;;;x;
CRISIS_STARTED_HEADER;$MESSENGER$;$MESSENGER$;$MESSENGER$;;$MESSENGER$;;;;;;;;;x;
CRISIS_STARTED_1;Crise Internacional;*;Internationaler Konflikt;;*;;;;;;;;;x;
CRISIS_STARTED_2;A tensão diplomática causou uma crise internacional em;*;Diplomatische Spannungen führten zu einem internationalen Konflikt in;;*;;;;;;;;;x;
CRISIS_STARTED_3;$CRISISTARGET$;;$CRISISTARGET$;;;;;;;;;;;x;
CRISIS_STARTED_4;Não duvidamos que isso seja finalizado de maneira civilizada.;;Wir bezweifeln nicht, das dies in zivilisierter Weise beendet wird.;;;;;;;;;;;x;
CRISIS_STARTED_5;*;*;*;;*;;;;;;;;;x;
CRISIS_STARTED_6;*;*;*;;*;;;;;;;;;x;
CRISIS_STARTED_LOG;Uma nova crise começou;;Ein neuer Konflikt hat begonnen;;;;;;;;;;;x;
CRISIS_STARTED_BTN1;Ok;OK;Ok;;Aceptar;;;;;;;;;x;
CRISIS_BECAME_WAR_SETUP;Uma crise se transformou em guerra;;Ein Konflikt ist in einen Krieg ausgeartet;;;;;;;;;;;x;
CRISIS_BECAME_WAR_HEADER;$MESSENGER$;$MESSENGER$;$MESSENGER$;;$MESSENGER$;;;;;;;;;x;
CRISIS_BECAME_WAR_1;Crise Internacional;*;Internationaler Konflikt;;*;;;;;;;;;x;
CRISIS_BECAME_WAR_2;As negociações diplomáticas na atual crise fracassaram.;*;Die diplomatischen Verhandlungen im aktuellen Konflikt sind fehlgeschlagen.;;*;;;;;;;;;x;
CRISIS_BECAME_WAR_3;Parece que o campo de batalha decidirá quem está certo.;*;Das Schlachtfeld wird wohl entscheiden wer Recht hat.;;*;;;;;;;;;x;
CRISIS_BECAME_WAR_4;*;*;*;;*;;;;;;;;;x;
CRISIS_BECAME_WAR_5;*;*;*;;*;;;;;;;;;x;
CRISIS_BECAME_WAR_6;*;*;*;;*;;;;;;;;;x;
CRISIS_BECAME_WAR_LOG;Uma crise se transformou em guerra.;;Ein Konflikt ist in einen Krieg ausgeartet.;;;;;;;;;;;x;
CRISIS_BECAME_WAR_BTN1;Ok;OK;Ok;;Aceptar;;;;;;;;;x;
IS_IN_CRISIS;está envolvido em uma crise.;;ist in einen Konflikt verwickelt.;;;;;;;;;;;x;
IS_NOT_IN_CRISIS;não está envolvido em uma crise.;;ist nicht in einen Konflikt verwickelt.;;;;;;;;;;;x;
BACK_CRISIS_DI;Oferta de apoio a um país em crise;;Angebot zur Unterstützung eines in einem Konflikt befindlichen Landes;;;;;;;;;;;x;
CRISIS_NOBODY_BACKED_SETUP;Quando ninguém oferece apoio em um conflito;;Wenn niemand in einem Konflikt Unterstützung anbietet;;;;;;;;;;;x;
CRISIS_NOBODY_BACKED_HEADER;$MESSENGER$;$MESSENGER$;$MESSENGER$;;$MESSENGER$;;;;;;;;;x;
CRISIS_NOBODY_BACKED_1;Crise evitada por enquanto;*;Konflikt vorerst abgewendet;;*;;;;;;;;;x;
CRISIS_NOBODY_BACKED_2;A Crise em;;Der Konflikt in;;;;;;;;;;;x;
CRISIS_NOBODY_BACKED_3;§Y$CRISISTARGET$§!;*;§Y$CRISISTARGET$§!;;*;;;;;;;;;x;
CRISIS_NOBODY_BACKED_4;não conseguiu atrair interesse internacional neste momento.;;hat zu diesem Zeitpunkt kein internationales Interesse hervorgerufen.;;;;;;;;;;;x;
CRISIS_NOBODY_BACKED_5;*;*;*;;*;;;;;;;;;x;
CRISIS_NOBODY_BACKED_6;*;*;*;;*;;;;;;;;;x;
CRISIS_NOBODY_BACKED_LOG;Ninguém apoiou a Crise atual;;Niemand hat den aktuellen Konflikt unterstützt;;;;;;;;;;;x;
CRISIS_NOBODY_BACKED_BTN1;Ok;OK;Ok;;Aceptar;;;;;;;;;x;
BP_TOOL_ICON_INFANTRY;Ícone de Infantaria;;Infanterie-Symbol;;;;;;;;;;;x;
BP_TOOL_ICON_COMBAT;Ícone de Batalha;;Kampf-Symbol;;;;;;;;;;;x;
BP_TOOL_ICON_CAVALRY;Ícone de Cavalaria;;Kavallerie-Symbol;;;;;;;;;;;x;
BP_TOOL_ICON_ARTILLERY;Ícone de Artilharia;;Artillerie-Symbol;;;;;;;;;;;x;
BP_TOOL_ICON_NAVAL;Ícone Base Naval;;Marinestützpunkt-Symbol;;;;;;;;;;;x;
BP_TOOL_ICON_INVASION;Ícone de Invasão;;Invasion-Symbol;;;;;;;;;;;x;
BP_TOOL_ICON_WOODEN_SHIP;Ícone de Navio;;Schiff-Symbol;;;;;;;;;;;x;
BP_TOOL_ICON_IRONCLAD;Ironclad icon;;Panzerschiff-Symbol;;;;;;;;;;;x;
BP_TOOL_ICON_INDUSTRY;Ícone da Indústria;;Industrie-Symbol;;;;;;;;;;;x;
BP_TOOL_ICON_COLONY;Ícone de Colônia;;Kolonie-Symbol;;;;;;;;;;;x;
BP_TOOL_ICON_WARGOAL_1;Ícone de Objetivo de Guerra;;Kriegsziel-Symbol;;;;;;;;;;;x;
BP_TOOL_ICON_WARGOAL_2;Ícone de Objetivo de Guerra;;Kriegsziel-Symbol;;;;;;;;;;;x;
TAKE_SIDE_PENALTY;Penalidade de prestígio por não tomar um lado: §R$VAL$§!;;Malus auf Prestige, da keine Seite gewählt wurde: §R$VAL$§!;;;;;;;;;;;x;
NO_CALL_ALLY_CRISIS;Não é possível chamar aliados para uma guerra, originada por uma crise, antes que as Grandes Guerras estejam ativadas;;Kann keine Verbündeten zu einem Konfliktkrieg rufen, bevor Große Kriege nicht aktiviert wurden;;;;;;;;;;;x;
PRODUCTION_BONUS;Bônus de: $BON$;;$BON$ Bonus von:;;;;;;;;x;;;;
