AI_FEARS_US_TITLE1;$TAG_0_0_UPPER$ TEME NOSSO PODER!;;$TAG_0_0_upper$ FÜRCHTET UNSERE MACHT!;;;;;;;;x;;;
AI_FEARS_US_DESC1_LONG;Relatos de rumores vêm do nosso correspondente em $TAG_0_0$. Uma fonte anônima confirma que houve várias reuniões com altos oficiais militares em sua capital nos últimos meses. O tema principal desses encontros foi um cenário fictício da declaração de guerra e uma invasão por parte de nossos militares. Possíveis contra-ataques e até lutas de guerrilha foram discutidos. Aparentemente, o alto comando do exército $TAG_0_0_ADJ$ está se preparando para o pior. Parece que somos temidos por eles!;;Gerüchte erreichen unseren Korrespondenten in $TAG_0_0$. Eine anonyme Quelle bestätigt, dass in den letzten Monaten mehrere Treffen mit hochrangigen Militäroffizieren in ihrer Hauptstadt stattfanden. Das Hauptthema dieser Treffen drehte sich um ein fiktionales Szenario der Kriegserklärung und einer Invasion durch unser Militär. Es wurden mögliche Gegenangriffe und sogar Guerillakämpfe diskutiert. Scheinbar bereitet sich die $TAG_0_0_ADJ$e Armee auf das Schlimmste vor. Sie scheinen Angst vor uns zu haben!;;;;;;;;x;;;
AI_FEARS_US_DESC1_MEDIUM;Uma fonte não identificada em $TAG_0_0$ relata que o governo está se preparando para o pior. Um cenário fictício envolvendo uma declaração de guerra do nosso país contra eles é considerado possível, e altos oficiais militares consideram nosso poder militar assustador!;;Eine anonyme Quelle in $TAG_0_0$ meldet, dass sich die dortige Regierung auf das Schlimmste vorbereitet. Ein fiktionales Szenario einer Kriegserklärung durch unser Land wird für möglich gehalten, und ihre hochrangigen Militäroffiziere fürchten unsere militärische Stärke!;;;;;;;;x;;;
AI_FEARS_US_DESC1_SHORT;Os relatórios estão chegando de uma fonte não identificada em $TAG_0_0$ de uma série de reuniões militares em sua capital. Parece que eles consideram uma invasão de nossas tropas uma possibilidade séria!;;Eine anonyme Quelle in $TAG_0_0$ berichtet von einer Reihe von militärischen Treffen in ihrer Hauptstadt. Wie es scheint, halten sie eine Invasion durch unsere Truppen durchaus für möglich!;;;;;;;;x;;;
AI_FEARS_US_TITLE2;$TAG_0_0$, estamos chegando!;;$TAG_0_0$ fürchtet unseren Einmarsch!;;;;;;;;x;;;
AI_FEARS_US_DESC2_LONG;Um artigo recente em um jornal $TAG_0_0_ADJ$ surpreendeu sua nação! Uma análise detalhada das relações geladas entre nossos países e uma comparação de nossas forças militares levaram o editor a concluir que nossos países poderiam em breve estar em guerra. Se esse dia chegar, a existência do(a) $TAG_0_0$'s seria ameaçada. Todos os cidadãos do(a) $TAG_0_0$ tanto nobres quanto pebleus, estão pedindo ao seu governo que forme uma aliança com uma Grande Potência para conter a ameaça que enfrentam.;;Ein kürzlicher Beitrag in der $TAG_0_0_ADJ$en Zeitung brachte ihre Nation in Aufruhr! Eine ausführliche Analyse der frostigen Beziehungen zwischen unseren Ländern mit einem Vergleich unserer militärischen Stärken brachte den Herausgeber zu dem Schluss, dass unsere Länder sich bald im Kriegszustand befinden könnten. Sollte dieser Tag kommen, wäre die Existenz $TAG_0_0$s angeblich gefährdet. Alle Bürger von $TAG_0_0$, Adel wie auch Bürgerliche, fordern ihre Regierung auf, ein Bündnis mit einer Großmacht einzugehen, um die Bedrohung, die wir darstellen, einzudämmen.;;;;;;;;x;;;
AI_FEARS_US_DESC2_MEDIUM;Um artigo recente em um jornal $TAG_0_0_ADJ$ surpreendeu sua nação! Uma análise detalhada das relações frias entre os nossos países levou o editor à conclusão de que, na falta de novas garantias, os nossos países poderão em breve encontrar-se num estado de guerra.;;Ein kürzlicher Beitrag in der $TAG_0_0_ADJ$en Zeitung brachte ihre Nation in Aufruhr! Eine ausführliche Analyse der frostigen Beziehungen zwischen unseren Ländern brachte den Herausgeber zu dem Schluss, dass unsere Länder sich bald im Kriegszustand befinden könnten.;;;;;;;;x;;;
AI_FEARS_US_DESC2_SHORT;Um artigo recente em um jornal $TAG_0_0_ADJ$ surpreendeu sua nação! A análise das relações frias entre nossos países levou o editor à conclusão de que a guerra poderia ser inevitável.;;Ein Beitrag in der $TAG_0_0_ADJ$en Zeitung brachte die Nation ihre Aufruhr! Die Analyse frostiger Beziehungen zw. unseren Ländern brachte sie zu dem Schluss, dass ein Krieg unausweichlich sei.;;;;;;;;x;;;
AI_FEARS_US_TITLE3;Insultos $TAG_0_0_ADJ$!;;$TAG_0_0_ADJ$e Beleidigungen!;;;;;;;;x;;;
AI_FEARS_US_DESC3_LONG;Preconceito e ódio reinam em $TAG_0_0$. O crescente coro de insultos alcançou novos mínimos na segunda-feira, quando o ministro das Relações Exteriores da $TAG_0_0_ADJ$ deu um tapa no nosso embaixador no gramado de nossa embaixada em $TAG_0_0$. Quando perguntado sobre o assunto, nosso ministro das Relações Exteriores disse que isso era 'mais uma prova, como se fosse necessário, de que não se pode confiar que eles se comportarão de maneira civilizada. Selvagens gorvernam em $TAG_0_0$, e quanto mais cedo esses desgraçados estiverem erradicados, melhor'. Canais diplomáticos permanecem abertos por enquanto, mas a guerra pode ser inevitável.;;Vorurteile und Hass herrschen in $TAG_0_0$. Die Beleidigungen fanden am Montag einen neuen Tiefpunkt, als der $TAG_0_0_ADJ$e Außenminister unseren Botschafter auf dem Rasen unserer Botschaft in $TAG_0_0$ ohrfeigte. Auf Anfrage sagte unser Außenminister, dass dies 'weitere Beweise sind, falls wir noch welche brauchten, dass man von ihnen kein zivilisiertes Verhalten erwarten kann. Wilde und Proleten herrschen in $TAG_0_0$ und je eher wir sie ausmerzen, desto besser.' Diplomatische Kontakte werden weiterhin aufrechterhalten, doch Krieg scheint unvermeidbar.;;;;;;;;x;;;
AI_FEARS_US_DESC3_MEDIUM;"Preconceito e ódio reinam em $TAG_0_0$. Na segunda-feira, o ministro das Relações Exteriores do(a) $TAG_0_0_ADJ$ deu um tapa em nosso embaixador. Nosso ministro das Relações Exteriores disse que ""selvagens e burros governam em $TAG_0_0$, e quanto mais cedo esses infelizes forem extirpados, melhor"".";;Vorurteile und Hass herrschen in $TAG_0_0$ vor. Am Montag gab der $TAG_0_0_ADJ$e Außenminister unserem Botschafter eine Ohrfeige. Unser Außenminister sagt, dass 'Wilde und Proleten in $TAG_0_0$ regieren, je eher wir sie ausmerzen, desto besser.';;;;;;;;x;;;
AI_FEARS_US_DESC3_SHORT;Na segunda-feira, o ministro das Relações Exteriores do(a) $TAG_0_0_ADJ$ deu um tapa em nosso embaixador. Selvagens e burros governam em $TAG_0_0$, e quanto mais cedo esses infelizes forem extirpados, melhor.;;Am Montag gab der $TAG_0_0_ADJ$e Außenminister unserem Botschafter eine Ohrfeige. Wilde und Schurken regieren in $TAG_0_0$ und je eher wir sie ausmerzen, desto besser.;;;;;;;;x;;;
AI_FEARS_OTHER_TITLE1;Os medos do(a) $TAG_0_0$;;Angst in $TAG_0_0$;;;;;;;;x;;;
AI_FEARS_OTHER_DESC1_LONG;Um artigo recente em um jornal do(a) $TAG_0_0_ADJ$ surpreendeu sua nação! Uma análise detalhada de suas relações frias com o $TAG_0_1$ e uma comparação de suas forças militares relativas levou o editor à conclusão de que ambos os países poderiam em breve encontrar-se em estado de guerra, e quando esse dia chegar, a existência do(a) $TAG_0_0$'s estaria ameaçada. Tanto a elite quanto os cidadãos comuns do(a) $TAG_0_0$ exigem que seu governo busque alianças para diminuir a ameaça inevitável que os $TAG_0_1_ADJ$ representam.;;Ein Beitrag in einer $TAG_0_0_ADJ$en Zeitung beunruhigte ihre Nation! Eine ausführliche Analyse der frostigen Beziehungen mit $TAG_0_1$ und ein Vergleich der militärischen Stärken brachte den Herausgeber zu dem Schluss, dass beide Länder sich bald im Kriegszustand befinden könnten. Sollte dieser Tag kommen, wäre die Existenz $TAG_0_0$s gefährdet. Alle Bürger von $TAG_0_0$, Adel wie auch Bürgerliche, fordern ihre Regierung auf, Bündnisse einzugehen, um die $TAG_0_1_ADJ$e Bedrohung einzudämmen.;;;;;;;;x;;;
AI_FEARS_OTHER_DESC1_MEDIUM;Um artigo recente em um jornal do(a) $TAG_0_0_ADJ$  surpreendeu sua nação! Uma análise detalhada de suas relações frias com o $TAG_0_1$  uma comparação de suas forças militares relativas levou o editor à conclusão de que ambos os países poderiam em breve encontrar-se em estado de guerra.;;Ein Beitrag in einer $TAG_0_0_ADJ$en Zeitung beunruhigte ihre Nation! Eine ausführliche Analyse der frostigen Beziehungen mit $TAG_0_1$ brachte den Herausgeber zu dem Schluss, dass beide Länder sich bald im Kriegszustand befinden könnten.;;;;;;;;x;;;
AI_FEARS_OTHER_DESC1_SHORT;Um artigo recente em um jornal do(a)  $TAG_0_0_ADJ$ surpreendeu sua nação! A análise de suas relações frias com o $TAG_0_1$ levou à conclusão de que a guerra poderia ser inevitável.;;Ein Beitrag in einer $TAG_0_0_ADJ$en Zeitung beunruhigte ihre Nation! Eine ausführliche Analyse der frostigen Beziehungen mit $TAG_0_1$ deutet an, dass ein Krieg unvermeidlich sein könnte.;;;;;;;;x;;;
AI_FEARS_OTHER_TITLE2;Os medo $TAG_0_0_ADJ$ ;;Die $TAG_0_0_ADJ$e Angst;;;;;;;;x;;;
AI_FEARS_OTHER_DESC2_LONG;De acordo com relatos da liderança do governo $TAG_0_0_ADJ$há um clima de preocupação e ansiedade nos círculos governamentais. Muitos temem que as rivalidades com $TAG_0_1$ possam desencadear um conflito internacional com o $TAG_0_0$ que pode muito bem ser perdido. Os rumores sugerem que a possibilidade de guerra está à porta e os preparativos estão sendo feitos. O medo também se espalha entre a população, que espera o pior: uma derrota cruel.;;Laut Meldungen aus dem Führungszirkel der $TAG_0_0_ADJ$en Regierung, überwiegt in Regierungskreisen eine Stimmung der Sorge und Angst. Viele befürchten, dass die Rivalitäten mit $TAG_0_1$ einen internationalen Konflikt auslösen könnten, den $TAG_0_0$ sehr wohl verlieren könnte. Gerüchten zufolge wird die Möglichkeit des Krieges vor ihrer Tür erwogen und es werden entsprechende Vorbereitungen getroffen. Angst breitet sich auch in der Bevölkerung aus, die mit dem Schlimmsten rechnet: einer grausamen Niederlage.;;;;;;;;x;;;
AI_FEARS_OTHER_DESC2_MEDIUM;O humor dos oficiais $TAG_0_0_ADJ$ é de apreensão assustadora quando se trata das ações do(a) $TAG_0_1$. Estando sempre atentos às suas ações, muitos temem que uma eventual guerra entre os dois países resulte em uma derrota cruel para o $TAG_0_0$.;;Die Stimmung unter $TAG_0_0_ADJ$en Offiziellen ist angesichts der Aktionen von $TAG_0_1$ von Angst und Sorge geprägt. Viele befürchten einen möglichen Krieg zwischen beiden Ländern, der mit der grausamen Niederlage von $TAG_0_0$ enden könnte.;;;;;;;;x;;;
AI_FEARS_OTHER_DESC2_SHORT;Através dos relatórios da imprensa local, parece que a população e o governo $TAG_0_0_ADJ$estão sofrendo de um medo generalizado do poder militar do(a) $TAG_0_1$'s. Mais na página 4.;;Lokale Pressestimmen melden die weitverbreitete Angst der $TAG_0_0_ADJ$en Bevölkerung und Regierung vor der militärischen Stärke von $TAG_0_1$. Mehr dazu auf Seite 4.;;;;;;;;x;;;
AI_LOVES_US_TITLE1;$TAG_0_0$: Nosso melhor amigo;;$TAG_0_0$: Unser bester Freund;;;;;;;;x;;;
AI_LOVES_US_DESC1_LONG;Alguma vez você já considerou seus companheiros $TAG_0_0_ADJ$ como seus melhores amigos? Possivelmente. No entanto, certamente parece que eles nos consideram um alvo, não para lutar contra, mas para fazer amizade! Uma série de diplomatas e embaixadores buscam apoio a uma aliança entre nossas duas grandes nações, se a guerra começar. 'Não é de admirar que tenhamos de nos apoiar uns aos outros nestes tempos conturbados. Quando todos à sua volta estão na garganta um do outro, um amigo em necessidade é um amigo de verdade! disse um diplomata em uma entrevista.;;Sehen Sie $TAG_0_0_ADJ$e Bürger als Ihre besten Freunde an? Vielleicht. Scheinbar sehen diese uns jedoch als Ziel, doch nicht als Kriegsziel, sondern als Verbündete! Diplomaten und Abgesandte beschwören in unserer Hauptstadt ein Bündnis unserer beiden Großmächte herauf, falls ein Krieg ausbrechen sollte. 'In diesen schweren Zeiten ist es unsere Pflicht, uns gegenseitig zu unterstützen. Wenn sich alle um einen herum gegenseitig an die Kehle wollen, sind Freunde unerlässlich.' sagte ein Diplomat in einem Interview.;;;;;;;;x;;;
AI_LOVES_US_DESC1_MEDIUM;Diplomatas $TAG_0_0_ADJ$ em nossa capital são sinceros em seu apoio a uma aliança entre nossas duas grandes nações. De acordo com fontes governamentais, as relações entre nós e eles estão em um momento alto e podem até levar a uma promessa mútua de apoio militar em breve.;;$TAG_0_0_ADJ$e Diplomaten betonen in unserer Hauptstadt ihren Wunsch eines Bündnisses unserer beiden Größmächte. Regierungskreise bezeichnen die Beziehungen als hervorragend, was bald zu einer gegenseitigen Verpflichtung zur militärischen Unterstützung führen könnte.;;;;;;;;x;;;
AI_LOVES_US_DESC1_SHORT;As relações entre o governo $TAG_0_0_ADJ$ e o nosso nunca foram melhores. Os analistas políticos dizem que nos consideram como um potencial aliado e amigo da paz e da guerra;;Die Beziehungen zwischen der $TAG_0_0_ADJ$ Regierung und uns könnten besser nicht sein. Laut politischen Analysten sehen sie uns als möglichen Verbündeten und Freund im Krieg und Frieden.;;;;;;;;x;;;
AI_LOVES_US_TITLE2;$TAG_0_0$ está do nosso lado!;;$TAG_0_0$ steht an unserer Seite!;;;;;;;;x;;;
AI_LOVES_US_DESC2_LONG;Um artigo em um jornal $TAG_0_0_ADJ$ pinta uma imagem de relações amigáveis entre nossos países. Recorrendo a numerosos exemplos de cooperação pacífica baseada na confiança e amizade, o editor declarou que ambas as nações se mantinham como amigos e irmãos. Usando palavras como 'confiável', 'instável' e 'firme' para descrever nossas relações, o jornal incentivou o governo do(a) $TAG_0_0$ a continuar alinhando-se com nossas políticas para buscar interesses e metas comuns e fortalecer as garantias e garantias mútuas.;;Ein Beitrag in einer $TAG_0_0_ADJ$en Zeitung zeichnet ein Bild der freundschaftlichen Beziehungen zwischen unseren Ländern. Unter Aufzählung mehrerer Beispiele friedlicher, auf Vertrauen und Freundschaft basierender Kooperation, sieht der Herausgeber uns als Freunde und Brüder. Mit Worten wie 'vertrauenswürdig', 'zuverlässig' und 'standhaft' umschreibt die Zeitung unsere Beziehungen und ruft die Regierung von $TAG_0_0$ dazu auf, diese weiter auszubauen, um gemeinsame Interessen und Ziele zu verfolgen und den gegenseitigen Rückhalt zu stärken.;;;;;;;;x;;;
AI_LOVES_US_DESC2_MEDIUM;Um artigo em um jornal $TAG_0_0_ADJ$ pinta uma imagem de relações amigáveis entre nossos países. Recorrendo a numerosos exemplos de cooperação pacífica baseada na confiança e amizade, o editor declarou que ambas as nações se mantinham como amigos e irmãos.;;Ein Beitrag in einer $TAG_0_0_ADJ$en Zeitung zeichnet ein Bild der freundschaftlichen Beziehungen zwischen unseren Ländern. Unter Aufzählung mehrerer Beispiele friedlicher, auf Vertrauen und Freundschaft basierender Kooperation, sieht der Herausgeber uns als Freunde und Brüder.;;;;;;;;x;;;
AI_LOVES_US_DESC2_SHORT;Um artigo em um jornal $TAG_0_0_ADJ$  pinta uma imagem de relações amigáveis entre nossas nações. O Editor incentivou seu governo a continuar alinhando-se com as nossas políticas.;;Ein Beitrag in einer $TAG_0_0_ADJ$en Zeitung zeichnet ein Bild der freundschaftlichen Beziehungen zwischen unseren Ländern. Herausgeber ruft ihre Regierung dazu auf, diese weiter auszubauen.;;;;;;;;x;;;
AI_LOVES_US_TITLE3;$TAG_0_0$ conhece o seu lugar!;;$TAG_0_0$ nicht übermütig!;;;;;;;;x;;;
AI_LOVES_US_DESC3_LONG;"O senso comum é a ordem do dia no(a) $TAG_0_0$, pois o governo e as pessoas continuam apaixonadas por todas as coisas $OURCOUNTRY_ADJ$. Nas esferas política, militar e cultural, nossa superioridade obviamente aparente é prontamente reconhecida pelos infelizes mendigos. O ministro das Relações Exteriores $TAG_0_0_ADJ$ em uma tentativa vergonhosa de agradar as nossas elites, disse: ""Congratulamo-nos com a mão paterna e orientadora $OURCOUNTRY_ADJ$. Por muito tempo a amizade de nossos países continuará, para nosso benefício mútuo "". Se esse será o caso, ainda não se sabe.";;"Gesunder Menschenverstand herrscht in $TAG_0_0$, wo Regierung und Bevölkerung alles $OURCOUNTRY_ADJ$e hoch schätzen. Diese wehleidigen Schufte erkennen nur allzu gerne unsere offensichtliche Überlegenheit in allen politischen, militärischen und kulturellen Belangen an. Auf schamlose Weise biedert sich der $TAG_0_0_ADJ$e Außenminister unseren Eliten an und sagt ""Wir begrüßen die väterliche und wegweisende $OURCOUNTRY_ADJ$e Hand. Möge die Freundschaft unserer Länder ewig zum gegenseitigen Vorteil währen."" Es bleibt abzuwarten, ob dies der Fall sein wird.";;;;;;;;;;;
AI_LOVES_US_DESC3_MEDIUM;O senso comum é a ordem do dia na capital $TAG_0_0_ADJ$ pois o governo e as pessoas continuam apaixonadas por todas as coisas $OURCOUNTRY_ADJ$. Nas esferas política, militar e cultural, nossa óbvia superioridade é reconhecida pelos infelizes.;;Gesunder Menschenverstand herrscht in der $TAG_0_0_ADJ$en Hauptstadt, wo Regierung und Bevölkerung alles $OURCOUNTRY_ADJ$e hoch schätzen. Diese Schufte erkennen nur allzu gern unsere offensichtliche Überlegenheit in allen politischen, militärischen und kulturellen Belangen an.;;;;;;;;x;;;
AI_LOVES_US_DESC3_SHORT;O governo $TAG_0_0_ADJ$ e as pessoas continuam apaixonadas pelo(a) $OURCOUNTRY$. Em todas as esferas, nossa óbvia superioridade é prontamente reconhecida.;;$TAG_0_0_ADJ$e Regierung und Bevölkerung schätzen weiterhin alles $OURCOUNTRY_ADJ$e sehr. Nur allzu gern erkennen sie unsere offensichtliche Überlegenheit in allen Belangen an.;;;;;;;;x;;;
AI_LOVES_OTHER_TITLE1;$TAG_0_0$'s relations;;$TAG_0_0$s Beziehungen;;;;;;;;x;;;
AI_LOVES_OTHER_DESC1_LONG;Um artigo em um jornal $TAG_0_0_ADJ$ pinta uma imagem de suas amáveis relações com o $TAG_0_1$. Recorrendo a numerosos exemplos de cooperação pacífica baseada na confiança e amizade, o editor declarou ambas as nações como amigos e irmãos. Usando palavras como 'firme' e 'confiável' para descrever suas relações, o jornal encorajou o governo do(a) $TAG_0_0$ a continuar alinhando-se com as políticas do(a) $TAG_0_1$ para buscar interesses comuns e fortalecer as garantias mútuas.;;Ein Beitrag in einer $TAG_0_0_ADJ$en Zeitung zeichnet ein Bild der freundschaftlichen Beziehungen mit $TAG_0_1$. Unter Aufzählung mehrerer Beispiele friedlicher, auf Vertrauen und Freundschaft basierender Kooperation, sieht der Herausgeber beide Nationen als Freunde und Brüder. Mit Worten wie 'vertrauenswürdig', 'zuverlässig' und 'standhaft' umschreibt die Zeitung die Beziehungen und ruft die Regierung von $TAG_0_0$ dazu auf, diese weiter mit $TAG_0_1$ auszubauen, um gemeinsame Interessen zu verfolgen und den gegenseitigen Rückhalt zu stärken.;;;;;;;;x;;;
AI_LOVES_OTHER_DESC1_MEDIUM;Um artigo em um jornal $TAG_0_0_ADJ$ mostra uma foto de suas relações amistosas com o $TAG_0_1$. Recorrendo a numerosos exemplos de cooperação pacífica baseada na confiança e amizade, o editor declarou ambas as nações como amigos e irmãos.;;Ein Beitrag in einer $TAG_0_0_ADJ$en Zeitung zeichnet ein Bild der freundschaftlichen Beziehungen mit $TAG_0_1$. Unter Aufzählung mehrerer Beispiele friedlicher Kooperation, sieht der Herausgeber beide Nationen als Freunde und Brüder.;;;;;;;;x;;;
AI_LOVES_OTHER_DESC1_SHORT;Um artigo em um jornal $TAG_0_0_ADJ$ mostra uma foto de suas excelentes relações com o $TAG_0_1$. O editor pediu que a ligação com o $TAG_0_1$ fosse mantida.;;Ein Beitrag in einer $TAG_0_0_ADJ$en Zeitung zeichnet ein Bild der guten Beziehungen mit $TAG_0_1$. Der Herausgeber empfiehlt, den Bund mit $TAG_0_1$ aufrecht zu erhalten.;;;;;;;;x;;;
AI_LOVES_OTHER_TITLE2;Relações $TAG_0_0_ADJ$-$TAG_0_1_ADJ$;;$TAG_0_0_ADJ$-$TAG_0_1_ADJ$e Beziehungen;;;;;;;;x;;;
AI_LOVES_OTHER_DESC2_LONG;Embora a história possa ter colocado nossos dois países em desacordo algumas vezes, é claro que o próprio destino decidiu nos unir!', disse ontem o porta-voz do governo $TAG_0_0_ADJ$ na capital do país, referindo-se ao recente aumento da cooperação com o $TAG_0_1$. A abolição de alguns direitos alfandegários entre as duas terras no ano passado e as freqüentes visitas de embaixadores do(a) $TAG_0_0$ parecem mostrar que uma garantia de amizade por meio de uma aliança militar é de fato uma possibilidade sólida.;;Mit Referenz auf die wachsende Kooperation mit $TAG_0_1$ sagte der Sprecher der $TAG_0_0_ADJ$en Regierung gestern in ihrer Hauptstadt, dass 'es klar ist, dass das Schicksal uns zusammengeführt hat, auch wenn es in der Geschichte beider Länder manchmal zu Streitigkeiten gekommen ist!'. Die Abschaffung einiger Zoll-Verpflichtungen zwischen beiden Ländern im vergangenen Jahr und die zahlreichen Besuche des Botschafters von $TAG_0_0$ deuten an, dass eine Freundschaft im Rahmen eines militärischen Bündnisses durchaus möglich ist.;;;;;;;;x;;;
AI_LOVES_OTHER_DESC2_MEDIUM;Sorridentes diplomatas $TAG_0_0_ADJ$ foram vistos ontem em uma cúpula na capital $TAG_0_1_ADJ$. O '$TAG_0_1$ é nosso aliado natural', mencionou um oficial $TAG_0_0_ADJ$. Analistas políticos prevêem que um pacto de aliança possa ser assinado em breve.;;Lächelnde $TAG_0_0_ADJ$e Diplomaten wurden gestern auf einem Gipfeltreffen in der $TAG_0_1_ADJ$en Hauptstadt gesichtet. '$TAG_0_1$ ist unser natürlicher Verbündeter', sagte ein $TAG_0_0_ADJ$er Offizieller. Politische Analysten sehen die Unterzeichnung eines Bündnisabkommens voraus.;;;;;;;;x;;;
AI_LOVES_OTHER_DESC2_SHORT;Prosperidade para o futuro com nossos irmãos $TAG_0_1_ADJ$!' é o mais novo slogan do partido governante $TAG_0_0_ADJ$. Muitos dizem que isso é uma indicação de uma futura aliança militar.;;Die neueste Devise der führenden $TAG_0_0_ADJ$en Partei lautet: 'Wohlstand für die Zukunft mit unseren $TAG_0_1_ADJ$en Brüdern!'. Viele sehen Anzeichen eines zukünftigen Militär-Bündnisses.;;;;;;;;x;;;
OTHER_NEW_GP_TITLE1;A ascensão do(a) $TAG_0_1$;;Der Aufstieg von $TAG_0_1$;;;;;;;;x;;;
OTHER_NEW_GP_DESC_LONG1;Após o declínio do(a) $TAG_0_0$, o $TAG_0_1$ assume uma posição mais elevada entre as nações do mundo ao ascender à posição de uma das grandes potências. Muitas provas da economia em dificuldades do(a) $TAG_0_0$ fraco prestígio militar e minguante prestígio revelado nos últimos meses, já que seus aliados não podiam confiar em sua ajuda e seu governo tornou-se sujeito a estratégias estrangeiras. Sua queda das fileiras dos dignos vem como benefício para o $TAG_0_1$, expandindo sua estima global, provando que a natureza não tolera um vácuo.;;Mit dem Niedergang von $TAG_0_0$ nimmt $TAG_0_1$ eine höhere Stellung unter den Nationen der Welt ein und wird zu einer der Großmächte. Wir sahen in den letzten Monaten viele Beweise für $TAG_0_0$s Wirtschaftsprobleme, schwaches Militär und schwindendes Prestige. Verbündete konnten nicht mehr auf den Rückhalt des Landes setzen und seine Regierung wurde zum Spielball ausländischer Machenschaften. Sein Sturz aus den Rängen der Würdigen begünstigt $TAG_0_1$, stärkt ihr globales Ansehen und beweist, dass die Natur kein Vakuum toleriert.;;;;;;;;x;;;
OTHER_NEW_GP_DESC_MEDIUM1;Após o persistente declínio do(a) $TAG_0_0$, o $TAG_0_1$ assume uma posição mais elevada entre as nações do mundo ao ascender à posição de uma das grandes potências, expandindo sua estima global, provando que a natureza não tolera um vácuo.;;Mit dem Niedergang von $TAG_0_0$ nimmt $TAG_0_1$ eine höhere Stellung unter den Nationen der Welt ein und wird zu einer der Großmächte, stärkt ihr globales Ansehen und beweist, dass die Natur kein Vakuum toleriert.;;;;;;;;x;;;
OTHER_NEW_GP_DESC_SHORT1;Após o persistente declínio do(a) $TAG_0_0$, o $TAG_0_1$ assume uma posição mais elevada entre as nações do mundo ao ascender à posição de uma das grandes potências.;;Mit dem Niedergang von $TAG_0_0$ nimmt $TAG_0_1$ eine höhere Stellung unter den Nationen der Welt ein und wird zu einer der Großmächte.;;;;;;;;x;;;
WE_BECOME_GP_TITLE1;Nós nos beneficiamos com o declínio do(a) $TAG_0_0$;;Wir profitieren von $TAG_0_0$s Niedergang;;;;;;;;x;;;
WE_BECOME_GP_DESC_LONG1;Após o declínio do(a) $TAG_0_0$, assumimos nossa legitimidade entre as nações do mundo, ascendendo à posição de uma das grandes potências. Muitas provas da economia em dificuldades do(a) $TAG_0_0$ fraco poder militar e prestígio minguante revelado nos últimos meses. Seus aliados não podiam confiar em sua ajuda e seu governo ficou sujeito a estratagemas estrangeiros. Sua morte das fileiras dos dignos vem como um benefício para nós, com nossa influência global e liderança substituindo a deles, provando que a natureza não tolera um vácuo.;;Mit dem Niedergang von $TAG_0_0$ nehmen wir unsere rechtmäßige Stellung unter den Nationen dieser Welt als eine der Großmächte ein. Wir sahen in den letzten Monaten viele Beweise für $TAG_0_0$s Wirtschaftsprobleme, schwaches Militär und schwindendes Prestige. Verbündete konnten nicht mehr auf den Rückhalt des Landes setzen und seine Regierung wurde zum Spielball ausländischer Machenschaften. Ihr Sturz aus den Rängen der Würdigen ermöglichte es uns, ihren globalen Einfluss und ihre Führung durch unsere zu ersetzen und beweist, dass die Natur kein Vakuum toleriert.;;;;;;;;x;;;
WE_BECOME_GP_DESC_MEDIUM1;Após o declínio do(a) $TAG_0_0$ assumimos nossa legitimidade entre as nações do mundo, ascendendo à posição de uma das grandes potências. Sua morte das fileiras dos dignos vem como benefício para nós, com nossa influência global substituindo a deles.;;Mit dem Niedergang von $TAG_0_0$ nehmen wir unsere rechtmäßige Stellung unter den Nationen dieser Welt als eine der Großmächte ein. Ihr Sturz aus den Rängen der Würdigen ermöglichte es uns, ihren globalen Einfluss durch den unseren zu ersetzen.;;;;;;;;x;;;
WE_BECOME_GP_DESC_SHORT1;Após o declínio do(a) $TAG_0_0$, assumimos nossa legitimidade entre as nações do mundo, ascendendo à posição de uma das grandes potências.;;Mit dem Niedergang von $TAG_0_0$ nehmen wir unsere rechtmäßige Stellung unter den Nationen dieser Welt als eine der Großmächte ein.;;;;;;;;x;;;
WE_LOSE_GP_TITLE1;$TAG_0_1$ se beneficia do nosso declínio;;$TAG_0_1$ profitiert von unserem Niedergang;;;;;;;;x;;;
WE_LOSE_GP_DESC_LONG1;Seguindo o persistente declínio de nosso país, o $TAG_0_1$ assume uma posição mais elevada entre as nações do mundo, ascendendo à posição de uma das grandes potências. Muitas provas da nossa economia em dificuldades, fraco poder militar e minguante  prestígio revelado ao longo dos últimos meses, uma vez que os nossos aliados não podiam confiar na nossa ajuda e o nosso governo tornou-se sujeito a estratégias estrangeiras. Nossa morte nas fileiras dos dignos vem como benefício para o $TAG_0_1$, expandindo sua estima global, provando que a natureza não tolera um vácuo;;Dank unserem fortwährenden Niedergang nimmt $TAG_0_1$ eine höhere Stellung unter den Nationen dieser Welt als eine der Großmächte ein. Wir sahen in den letzten Monaten viele Beweise für unsere Wirtschaftsprobleme, unser schwaches Militär und schwindendes Prestige. Verbündete konnten nicht mehr auf unseren Rückhalt setzen und unsere Regierung wurde zum Spielball ausländischer Machenschaften. Unser Sturz aus den Rängen der Würdigen ermöglichte es $TAG_0_1$, ihr globales Ansehen zu stärken, und beweist, dass die Natur kein Vakuum toleriert.;;;;;;;;x;;;
WE_LOSE_GP_DESC_MEDIUM1;Seguindo o persistente declínio do nosso país, o $TAG_0_1$ assume uma posição mais elevada entre as nações do mundo ao ascender à posição de uma das grandes potências, expandindo sua estima global, provando que a natureza não tolera um vácuo.;;Dank unserem fortwährenden Niedergang nimmt $TAG_0_1$ eine höhere Stellung unter den Nationen dieser Welt als eine der Großmächte ein, stärkt ihr globales Ansehen, und beweist, dass die Natur kein Vakuum toleriert.;;;;;;;;x;;;
WE_LOSE_GP_DESC_SHORT1;Seguindo o persistente declínio do nosso país, o $TAG_0_1$ assume uma posição mais elevada entre as nações do mundo, ascendendo à posição de uma das grandes potências.;;Dank unserem fortwährenden Niedergang nimmt $TAG_0_1$ eine höhere Stellung unter den Nationen dieser Welt als eine der Großmächte ein.;;;;;;;;x;;;
CRISIS_START_TITLE1;Conflito começou!;;Konflikt in Gang gesetzt!;;;;;;;;x;;;
CRISIS_START_DESC_LONG1;Ninguém pode dizer se ainda há esperança de resolver essa questão pacificamente, agora que as grandes potências do mundo estão tomando posição na luta pelo poder no início do conflito internacional. Um acordo diplomático ainda pode ser viável, mas o tempo está se esgotando e os participantes agressivos estão atrasando uma solução com jogos de poder na política de atrito e estão pressionando para evitar concessões. Eles podem em breve encontrar-se em guerra.;;Niemand kann sagen, ob noch Hoffnung besteht, diese Angelegenheit friedlich zu lösen, nun da die Großmächte der Welt im Machtkampf des beginnenden, internationalen Konflikts Position beziehen. Ein diplomatisches Abkommen könnte noch machbar sein, doch die Zeit läuft davon, und die aggressiven Teilnehmer verzögern eine Lösung mit Muskelspielen und Machtspielen in der Politik der Zermürbung und machen Druck, um Zugeständnisse zu verhindern. Sie könnten sich schon bald im gefürchteten Kriegszustand wiederfinden.;;;;;;;;x;;;
CRISIS_START_DESC_MEDIUM1;As grandes potências do mundo assumem posição em uma luta pelo poder. Um acordo diplomático ainda pode ser viável, mas o tempo está se esgotando e os participantes agressivos estão atrasando uma solução com jogos de poder na política.;;Die Großmächte der Welt beziehen in einem Machtkampf Position. Ein diplomatisches Abkommen könnte noch machbar sein, doch die Zeit läuft davon, und die aggressiven Teilnehmer verzögern eine Lösung mit Muskelspielen und Machtspielen in der Politik.;;;;;;;;x;;;
CRISIS_START_DESC_SHORT1;As grandes potências do mundo assumem posição em uma luta pelo poder. Um acordo diplomático ainda pode ser viável, mas o tempo está se esgotando.;;Die Großmächte der Welt beziehen in einem Machtkampf Position. Ein diplomatisches Abkommen könnte noch machbar sein, doch die Zeit läuft davon.;;;;;;;;x;;;
CRISIS_END_TITLE1;CRISE EVITADA!;;KONFLIKT VERHINDERT!;;;;;;;;x;;;
CRISIS_END_DESC_LONG1;"As grandes potências anunciam a ""paz em nosso tempo"" após as cúpulas que encontraram uma solução diplomática para o início do conflito internacional, que muitos acreditam que teria levado à guerra sem concessões. ""Declaramos que não há intenção de guerra entre nossos povos"", disseram os dois lados. Observadores atentos indicam que um lado foi bastante vitorioso, enquanto o outro teve que aceitar concessões amargas, o que comprometeu a longevidade do acordo assinado.";;Die Großmächte verkünden 'Frieden in unserer Zeit', nachdem sie in Gipfeltreffen eine diplomatische Lösung im beginnenden internationalen Konflikt fanden, der nach Meinung vieler ohne Kompromisse zu einem Krieg geführt hätte. 'Wir erklären, dass zwischen unseren Völkern keine Kriegsabsicht besteht', äußerten beide Seiten. Wachsame Beobachter deuten an, dass eine Seite durchaus als Sieger hervorging, während die andere bittere Zugeständnisse und heftigen Prestigeverlust hinnehmen musste, was die Langlebigkeit des unterzeichneten Abkommens in Frage stellt.;;;;;;;;x;;;
CRISIS_END_DESC_MEDIUM1;"As grandes potências anunciam a ""paz em nosso tempo"" após as cúpulas que encontraram uma solução diplomática para o início do conflito internacional, que muitos acreditam que teria levado à guerra sem concessões.";;Die Großmächte verkünden 'Frieden in unserer Zeit', nachdem sie in Gipfeltreffen eine diplomatische Lösung im beginnenden internationalen Konflikt fanden, der nach Meinung vieler ohne Kompromisse zu einem Krieg geführt hätte.;;;;;;;;x;;;
CRISIS_END_DESC_SHORT1;As grandes potências proclamam a “paz em nosso tempo” após as cúpulas encontrarem uma solução diplomática para o início do conflito internacional e para evitar a guerra.;;Die Großmächte verkünden 'Frieden in unserer Zeit', nachdem sie in Gipfeltreffen eine diplomatische Lösung im beginnenden internationalen Konflikt fanden und Krieg vermeideten.;;;;;;;;x;;;
RESEARCH_NEWS_TITLE_LARGE2;Avanço no(a) $TAG_0_0$!;;Erfolg in $TAG_0_0$!;;;;;;;;;x;;
RESEARCH_NEWS_LARGE2;Cientistas $TAG_0_0_ADJ$ nunciaram ontem que, após meses de pesquisas dedicadas e focadas, um novo avanço no campo $STRING_0_1$ foi feito. Espera-se que os empreendedores e o governo do(a) $TAG_0_0$ em breve comecem a colocar em prática esse novo conhecimento adquirido, aplicando-o de maneira prática em todo o país.;;$TAG_0_0_ADJ$e Wissenschaftler verkündeten gestern nach Monaten konzentrierter und engagierter Forschung einen bahnbrechenden Erfolg im $STRING_0_1$-Forschungsfeld. Es wird erwartet, dass Unternehmer und Regierung in $TAG_0_0$ schon bald die neuen Erkenntnisse gewinnbringend in der gesamten Nation einsetzen.;;;;;;;;;x;;
RESEARCH_NEWS_TITLE_MEDIUM2;Breakthrough inAvanço no(a);;Erfolg in $TAG_0_0$!;;;;;;;;;x;;
RESEARCH_NEWS_MEDIUM2;Cientistas $TAG_0_0_ADJ$ anunciaram um avanço no campo $STRING_0_1$. Esse novo conhecimento logo será aplicado de maneira prática, disse um dos pesquisadores.;;$TAG_0_0_ADJ$e Wissenschaftler verkündeten einen bahnbrechenden Erfolg im $STRING_0_1$-Forschungsfeld. Die neuen Erkenntnisse werten laut einem der Forscher schon bald gewinnbringend eingesetzt werden.;;;;;;;;;x;;
RESEARCH_NEWS_TITLE_SMALL2;Avanço no(a) $TAG_0_0$!;;Erfolg in $TAG_0_0$!;;;;;;;;;x;;
RESEARCH_NEWS_SMALL2;Cientistas $TAG_0_0_ADJ$ anunciaram recentemente um avanço no campo $STRING_0_1$.;;$TAG_0_0_ADJ$e Wissenschaftler verkündeten kürzlich einen bahnbrechenden Erfolg im $STRING_0_1$-Forschungsfeld.;;;;;;;;;x ;;
COMMUNIST_REVOLUTION_NEWS_TITLE_LARGE_COMMUNIST;TRIUNFO DO COMUNISMO NO(A) $TAG_0_0_UPPER$!;;KOMMUNISMUS TRIUMPHIERT IN $TAG_0_0_UPPER$!;;;;;;;;;;;x
COMMUNIST_REVOLUTION_NEWS_LARGE_COMMUNIST;Trabalhadores do mundo, uni-vos!' Mais uma vez, nosso grito de guerra demonstrou ser adequado para uma revolução tão vitoriosa. Os poderes corruptos do capitalismo não podem deter o desejo do proletariado por um futuro melhor. Recebemos boas notícias de nossos camaradas no(a) $TAG_0_0$,que conseguiram revoltar-se contra bandidos e ladrões que maltratavam e exploravam o povo comum. Eles apreenderam os poderes governamentais, levando-os de volta ao devido lugar: as mãos do povo, representadas pelo comitê do povo: $STRING_0_0$!;;Unser Aufruf 'Proletarier aller Länder, vereinigt Euch!' zeigt sich erneut mehr als passend für eine so siegreiche Revolution. Die korrupten Machenschaften des Kapitalismus können den Wunsch des Proletariats auf eine bessere Zukunft nicht ersticken. Wir erhielten frohe Kunde von unseren Genossen in $TAG_0_0$, deren Rebellion gegen die Gauner und Diebe, die das Volk misshandeln und ausnutzen, sich im Aufwind befindet. Sie haben die Regierungsaufgaben dorthin übertragen, wo sie hingehören: in die Hand des Volkes, repräsentiert durch ein Volkskomitee: $STRING_0_0$!;;;;;;;;;;;x
COMMUNIST_REVOLUTION_NEWS_TITLE_MEDIUM_COMMUNIST;COMUNISMO NO(A) $TAG_0_0_UPPER$!;;KOMMUNISMUS IN $TAG_0_0_UPPER$!;;;;;;;;;;;x
COMMUNIST_REVOLUTION_NEWS_MEDIUM_COMMUNIST;Trabalhadores do mundo, uni-vos!' Este grito de guerra pode ser ouvido hoje em todo o $TAG_0_0$, onde os nossos camaradas comunistas foram vitoriosos em derrubar o governo e estabelecer o único Partido do Povo: $STRING_0_0$!;;Der Aufruf 'Proletarier aller Länder, vereinigt Euch!' erschallt heute in ganz $TAG_0_0$, wo unsere kommunistischen Genossen die Regierung erfolgreich stürzten und die einzig wahre Volkspartei etablierten: $STRING_0_0$!;;;;;;;;;;;x
COMMUNIST_REVOLUTION_NEWS_TITLE_SMALL_COMMUNIST;REVOLUÇÃO!;;REVOLUTION!;;;;;;;;;;;x
COMMUNIST_REVOLUTION_NEWS_SMALL_COMMUNIST;Trabalhadores do mundo, uni-vos!' Este grito de guerra pode ser ouvido hoje ao longo do(a) $TAG_0_0$, onde nossos camaradas foram vitoriosos em derrubar os corruptos bandidos capitalistas!;;Der Aufruf 'Proletarier aller Länder, vereinigt Euch!' erschallt heute in ganz $TAG_0_0$, wo unsere Genossen die korrupten, kapitalistischen Gauner erfolgreich stürzten!;;;;;;;;;;;x
battle_we_lose_large_censored_press;Relatórios do campo nos dizem que, em $DATE_LONG_0$, nossas corajosas tropas fizeram uma retirada tática da batalha contra o $TAG_0_3$ em $STRING_0_3$. Isso se mostrou necessário para maximizar nosso elemento de imprevisibilidade e surpresa. $VALUE_INT_0_4$ soldados inimigos foram mortos pelos nossos valentes rapazes. Embora $VALUE_INT_0_2$ de nossos soldados ainda não tenhamos informações, é importante notar que muitas de nossas tropas permanecem escondidas para surpreender o inimigo em uma emboscada, mostrando verdadeira coragem e resiliência!;;Meldungen von der Front berichten, dass unsere tapferen Truppen am $DATE_LONG_0$ einen taktischen Rückzug vom Kampf gegen $TAG_0_3$ in $STRING_0_3$ antraten. Dies erwies sich zur Maximierung unseres Überraschungselements und unserer Unberechenbarkeit als notwendig. $VALUE_INT_0_4$ feindliche Soldaten fanden durch unsere wackeren Jungs den Tod. Auch wenn $VALUE_INT_0_2$ unserer Soldaten noch vermisst werden, sollte nicht vergessen werden, dass viele unserer Truppen weiterhin im Hinterhalt auf den Feind lauern und wahre Tapferkeit und Widerstandskraft beweisen.;;;;;;;;;;;x
battle_we_lose_medium_censored_press;On $DATE_LONG_0$, a tactical retreat from the battle against $TAG_0_3$ has been proven necessary, in order to maximise our element of surprise! $VALUE_INT_0_2$ of our soldiers are said to be hiding for an ambush, while $VALUE_INT_0_4$ enemy troops have been killed!;;Am $DATE_LONG_0$ erwies sich ein taktischer Rückzug vom Kampf gegen $TAG_0_3$ zur Maximierung unseres Überraschungselements als notwendig. Schätzungsweise $VALUE_INT_0_2$ unserer Soldaten verbergen sich weiterhin im Hinterhalt und $VALUE_INT_0_4$ feindliche Truppen fanden den Tod.;;;;;;;;;;;x
battle_we_lose_small_censored_press;On $DATE_LONG_0$, a tactical retreat has been conducted from the battle against $TAG_0_3$. It is thought $VALUE_INT_0_2$ of our troops are in hiding, preparing for an ambush!;;Am $DATE_LONG_0$ kam es zum taktischen Rückzug vom Kampf gegen $TAG_0_3$. Schätzungsweise $VALUE_INT_0_2$ unserer Soldaten verbergen sich weiterhin im Hinterhalt und lauern auf den Feind.;;;;;;;;;;;x 
battle_we_lose_censored_title_large;Avanço do inimigo interrompido em $STRING_0_3$!;;Feindlicher Vorstoß in $STRING_0_3$ verzögert!;;;;;;;;;;;x
battle_we_lose_censored_large;They were outnumbered forty to one in some sections of the front, and still held the line' a high military commander praised the bravery of our soldiers, who managed to delay enemy advance in $STRING_0_3$ for as long as it was strategically feasible, and inflicted $VALUE_INT_0_2$ of casualties against our foes. 'We are not ready to publish the number of casualties on our side' a government official replied, when asked about our own losses. 'Our people must rally behind the government when it comes to national defence' he challenged the sceptics.;;Ein hochrangiger militärischer Befehlshaber lobpreiste die Tapferkeit unserer Soldaten, die 'an manchen Frontabschnitten vierzig gegen einen in der Unterzahl waren und dennoch die Stellung hielten' und somit einen feindlichen Vorstoß in $STRING_0_3$ so lange wie strategisch sinnvoll hinauszögerten. $VALUE_INT_0_2$ feindliche Soldaten fanden den Tod. 'Wir haben noch keine Zahlen unserer eigenen Verluste', so ein Regierungssprecher auf unsere diesbezügliche Frage. 'Wir brauchen den Rückhalt unseres Volkes, wenn es um die nationale Verteidigung geht', forderte er alle Skeptiker heraus.;;;;;;;;;;;x
battle_we_lose_censored_title_medium;Inimigo atrasado em $STRING_0_3$;;Feind in $STRING_0_3$ aufgehalten;;;;;;;;;;;x
battle_we_lose_censored_medium;Our brave soldiers succeeded in slowing down enemy advance against our territory, fighting a pitched battle against outnumbering force from $TAG_0_2$. 'If we lose every battle in such a great fashion, we might as well win this entire war' a high ranking officer commented.;;Unsere tapferen Soldaten konnten den feindl. Vorstoß mit Erfolg in offener Feldschlacht gegen die zahlenmäßig überlegenen Truppen von $TAG_0_2$ verzögern. 'Wenn wir jedes Gefecht auf so großartige Art verlieren, können wir den Krieg auch gewinnen', sagte ein hochrangiger Offizier.;;;;;;;;;;;x
battle_we_lose_censored_title_small;Vitória moral em $STRING_0_3$;;Moralischer Sieg in $STRING_0_3$;;;;;;;;;;;x
battle_we_lose_censored_small;Em $DATE_LONG_0$ evacuamos com sucesso as tropas da batalha de $STRING_0_3$, causando $VALUE_INT_0_2$ baixas, mas deixando $TAG_0_2$ no controle do campo.;;Am $DATE_LONG_0$ evakuierten wir erfolgreich Truppen aus dem Gefecht in $STRING_0_3$ mit $VALUE_INT_0_2$ gegnerischen Verlusten, mussten jedoch $TAG_0_2$ die Kontrolle des Feldes überlassen.;;;;;;;;;;;x
war_we_lose_censored_large_title;NOSSOS MENINOS VOLTAM PARA CASA.\nPAZ COM $TAG_2_0_UPPER$ ASSINADO!;;UNSERE JUNGS KEHREN HEIM.\nFRIEDEN MIT $TAG_2_0_UPPER$ UNTERZEICHNET!;;;;;;;;;;;x
war_we_lose_censored_large_desc;"Em $DATE_LONG_1$ nosso governo decidiu se render na guerra contra $TAG_2_0$. A guerra, conhecida como $STRING_0_0$, durou de $DATE_SHORT_0$ até $STRING_9_0$, e o resultado foi de $STRINGS_LIST_4$. ""Nós não demos uma piada e podemos nos orgulhar de nossos meninos, nós provamos não ser um oponente fácil, mas no final, não valeu o derramamento de sangue de nossa juventude"", comentaram oficiais do governo. Todos os cidadãos devem celebrar o retorno de nossos filhos, mas as celebrações oficiais ainda não foram datadas.";;Am $DATE_LONG_1$ entschloss sich unsere Regierung, im Krieg gegen $TAG_2_0$ nachzugeben. Der auch als $STRING_0_0$ bekannte Krieg tobte seit $DATE_SHORT_0$ über $STRING_9_0$ und das Ergebnis war $STRINGS_LIST_4$. 'Wir gaben kein Pardon und können stolz auf unsere Jungs sein, wir haben bewiesen, kein leichter Gegner zu sein', kommentierten Regierungsvertreter, 'Doch am Ende war es kein weiteres Blutvergießen unserer Jugend wert'. Alle Bürger sollten die Heimkehr unserer Söhne bejubeln, offizielle Feierlichkeiten wurden allerdings noch nicht datiert.;;;;;;;;;;;x
war_we_lose_censored_medium_title;PAZ COM $TAG_2_0_UPPER$!;;FRIEDEN MIT $TAG_2_0_UPPER$!;;;;;;;;;;;x
war_we_lose_censored_medium_desc;Em $DATE_LONG_1$ nosso governo decidiu se render na guerra contra $TAG_2_0$. A guerra, conhecida como $STRING_0_0$, durou de $DATE_SHORT_0$ até $STRING_9_0$, e o resultado foi de $STRINGS_LIST_4$.;;Am $DATE_LONG_1$ entschloss sich unsere Regierung, im Krieg gegen $TAG_2_0$ nachzugeben. Der auch als $STRING_0_0$ bekannte Krieg tobte seit $DATE_SHORT_0$ über $STRING_9_0$ und das Ergebnis war $STRINGS_LIST_4$.;;;;;;;;;;;x
war_we_lose_censored_small_title;Paz com $TAG_2_0$;;Frieden mit $TAG_2_0$;;;;;;;;;;;x
war_we_lose_censored_small_desc;$STRING_0_0$ terminou com a nossa rendição ao vencedor inesperado, $TAG_2_0$.;;$STRING_0_0$ endete mit unserer Kapitulation und dem unerwarteten Sieger $TAG_2_0$.;;;;;;;;;;;x 
CRISIS_START_TITLE2;A tensão aumenta!;;Spannungen nehmen zu!;;;;;;;;x;;;
CRISIS_START_DESC_LONG2;Após meses de crescente pressão, as tensões no(a) $STRING_0_0$ chegamos a um ponto em que temos uma crise internacional em nossas mãos. As grandes potências estão tentando encontrar uma solução pacífica para evitar uma escalada maior, mas também há algumas que procuram aumentar sua influência. Atividade diplomática frenética está ocorrendo enquanto as Grandes Potências clamam por influência. Se uma resolução não for encontrada, à medida que mais e mais pessoas de fora na disputa tomarem partido, um incidente no(a) $STRING_0_0$ poderá provocar uma guerra.;;Nach Monaten zunehmendem Drucks haben die Spannungen in $STRING_0_0$ einen Punkt erreicht, der zu einem handfesten internationalen Konflikt wird. Die Großmächte suchen nach einer friedlichen Lösung, um eine weitere Eskalation zu verhindern, doch es gibt auch einige, die ihren Einfluß ausdehnen wollen. Panische diplomatische Handlungen finden statt, während die Großmächte mehr Einfluss fordern. Wenn keine Lösung gefunden wird, während zunehmend Außenstehende im Disput Seiten einnehmen, kann ein Vorfall in $STRING_0_0$ durchaus einen Krieg auslösen.;;;;;;;;x;;;
CRISIS_START_DESC_MEDIUM2;Grandes potências estão disputando influência no(a) $STRING_0_0$, e as tensões aumentaram dramaticamente na região. Uma solução pacífica está sendo procurada pelas Grandes Potências em uma tentativa de evitar qualquer nova escalada, mas ainda resta saber se o conflito pode ser evitado.;;Großmächte wetteifern um Einfluss in $STRING_0_0$ und die Spannungen sind in der Region dramatisch angestiegen. Um jede weitere Eskalation zu vermeiden, suchen die Großmächte nach einer friedlichen Lösung, doch noch ist nicht sicher, ob ein Konflikt vermieden werden kann.;;;;;;;;x;;;
CRISIS_START_DESC_SHORT2;As tensões no(a) $STRING_0_0$ As tensões em $ STRING_0_0 $ se transformaram em uma grande crise, enquanto as Grandes Potências tentam ganhar influência na região. Atividade diplomática frenética está em andamento para tentar evitar a guerra.;;Spannungen in $STRING_0_0$ ufern in Konflikt aus, während Großmächte in der Region mehr Einfluss anstreben. Panische diplomatische Aktivitäten versuchen, einen Krieg zu verhindern.;;;;;;;;x;;;
CRISIS_END_TITLE2;As tensões estão diminuindo;;Spannungen nehmen ab;;;;;;;;x;;;
CRISIS_END_DESC_LONG2;O alívio mundial segue a notícia de que uma solução pacífica foi encontrada no caldeirão diplomático do $STRING_0_0$. <CrisisWinner++++++>  conseguiu aumentar sua influência com o apoio das grandes potências. Uma conferência internacional, após semanas cheias de manobras diplomáticas, encerrou com sucesso o conflito. No momento, uma guerra foi evitada, embora nem todos estejam satisfeitos com o resultado. Resta ver se outra força irá desafiar o <CrisisWinner++++++> no futuro.;;Weltweite Erleichterung folgt auf die Nachricht, dass eine friedliche Lösung im diplomatischen Hexenkessel $STRING_0_0$ gefunden wurde. <CrisisWinner++++++> konnte mit dem Rückhalt der Großmächte seinen Einfluss erhöhen. Eine internationale Konferenz, nach Wochen voll diplomatischer Manöver, beendete den Konflikt erfolgreich. Für den Augenblick wurde ein Krieg verhindert, auch wenn nicht alle mit dem Ergebnis zufrieden sind. Es bleibt abzuwarten, ob eine andere Macht <CrisisWinner++++++> in der Zukunft herausfordern wird.;;;;;;;;x;;;
CRISIS_END_DESC_MEDIUM2;O conflito internacional no(a) $STRING_0_0$ encontrou uma solução pacífica depois de uma conferência diplomática das grandes potências. <CrisisWinner++++++> conseguiu aumentar sua influência sem recorrer à guerra. Resta ver se a paz durará.;;Der internationale Konflikt in $STRING_0_0$ fand nach einer diplomatischen Konferenz der Großmächte eine friedliche Lösung. <CrisisWinner++++++> konnte seinen Einfluss erhöhen, ohne zu Kriegsmitteln greifen zu müssen. Es bleibt abzuwarten, ob der Frieden halten wird.;;;;;;;;x;;;
CRISIS_END_DESC_SHORT2;Um conflito no(a) $STRING_0_0$ foi resolvido após uma conferência das principais potências e impediu a guerra. <CrisisWinner++++++> aumentou sua influência com sucesso.;;Ein Konflikt in $STRING_0_0$ wurde nach einer Konferenz der Großmächte gelöst und Krieg verhindert. <CrisisWinner++++++> konnte erfolgreich seinen Einfluss erhöhen.;;;;;;;;x;;;
OTHER_NEW_GP_DESC_LONG2;$TAG_0_1$ melhorou seu status por vários anos e agora é uma das grandes potências do mundo. A reputação $TAG_0_1_ADJ$ cresceu rapidamente com a aceitação internacional do novo status e está previsto que o $TAG_0_1$ continue a expandir sua influência. O $TAG_0_0$ não conseguiu deter o recente declínio e agora é classificado como uma força secundária nos assuntos mundiais. Esta perda de status deixa sua marca e sua influência internacional já caiu significativamente.;;$TAG_0_1$ hat seinen Status seit einigen Jahren verbessert und zählt nun zu den Großmächten der Welt. Die $TAG_0_1_ADJ$e Reputation ist mit der internationalen Akzeptanz des neuen Status rapide gewachsen und es ist damit zu rechnen, dass $TAG_0_1$ seinen Einfluss weiter ausbauen will. $TAG_0_0$ konnte den Niedergang der letzten Zeit nicht aufhalten und wird nur noch als zweitrangige Macht in den Angelegenheiten des Weltgeschehens eingeordnet. Dieser Statusverlust hinterlässt seine Spuren und schon jetzt ist ihr internationaler Einfluss deutlich gesunken.;;;;;;;;x;;;
OTHER_NEW_GP_DESC_MEDIUM2;$TAG_0_1$ é amplamente aceito pela comunidade internacional como uma grande potência. O crescimento constante no poder desse estado não é bem-vindo em todos os lugares. $TAG_0_0$ é considerada uma força secundária, para seu desagrado.;;$TAG_0_1$ wird weitgehend von der internationalen Gemeinschaft als Großmacht akzeptiert. Der stete Wachstum an Macht dieses Staates wird nicht überall begrüßt. $TAG_0_0$ gilt nur noch als zweitrangige Macht, sehr zu ihrem Missfallen.;;;;;;;;x;;;
OTHER_NEW_GP_DESC_SHORT2;O estado emergente do(a) $TAG_0_1$ substituiu o $TAG_0_0$ aos olhos da comunidade internacional por mudanças no status e influência internacional como uma grande potência.;;Der aufstrebende Staat $TAG_0_1$ hat $TAG_0_0$ in den Augen der internationalen Gemeinschaft nach Änderungen in Status und internationalem Einfluss als Großmacht abgelöst.;;;;;;;;x;;;
AI_LOVES_US_TITLE4;Relações mornas;;Wohlwollende Beziehungen;;;;;;;;x;;;
AI_LOVES_US_DESC4_LONG;Nosso correspondente foi informado por suas fontes dentro do Ministério das Relações Exteriores que nas últimas semanas, o líder do $TAG_0_0$ fez um grande discurso ao seu povo elogiando nossa nação e as conquistas de nosso povo. Acredita-se que o discurso é uma tentativa do(a) $TAG_0_0$para se aproximar de nossa poderosa nação e devemos responder a essas aberturas com a cortesia típica do povo $TAG_0_1_ADJ$. Louvamos essas tentativas e esperamos que elas levem a um período contínuo de colaboração entre nossos dois países gloriosos.;;Vertrauliche Quellen des Außenministeriums sagten unserem Korrespondenten in den letzten Wochen, dass der Herrscher von $TAG_0_0$ vor seinem Volk eine große Lobrede auf unsere Nation und die Leistungen unseres Volkes hielt. Man nimmt an, dass $TAG_0_0$ mit dieser Rede näher an unsere große Nation heranrücken möchte und wir sollten den Lobeshymnen mit der typischen Höflichkeit des $TAG_0_1_ADJ$en Volkes begegnen. Wir schätzen diese Absicht sehr und hoffen, dass sie zu einer andauernden Phase der Zusammenarbeit zwischen unseren beiden glorreichen Ländern führen wird.;;;;;;;;x;;;
AI_LOVES_US_DESC4_MEDIUM;Depois de uma reunião supostamente muito produtiva com nosso embaixador na semana passada, um representante do povo $TAG_0_0_ADJ$ fez um discurso elogiando nossa nação e governo, abrindo as portas para um novo diálogo de colaboração e parceria.;;Nach einem sehr produktiven Treffen mit unserem Botschafter letzte Woche, hielt ein Repräsentant des $TAG_0_0_ADJ$en Volkes auf den Stufen des Außenministeriums eine Lobrede auf unsere Nation und Regierung. Dies ermöglicht einen neuen Dialog der Zusammenarbeit und Partnerschaft.;;;;;;;;x;;;
AI_LOVES_US_DESC4_SHORT;Uma nova era de amizade entre nossas nações começou', estas foram as palavras do embaixador $TAG_0_0_ADJ$ enquanto ele falava com jornalistas reunidos após as conversações na capital.;;Der  $TAG_0_0_ADJ$e Botschafter sagte zu versammelten Journalisten nach Gesprächen in der Hauptstadt: 'Eine neue Ära der Freundschaft hat zwischen unseren Nationen begonnen'.;;;;;;;;x;;;
RESEARCH_NEWS_TITLE_LARGE2;Avanço no(a) $TAG_0_0$!;;Durchbruch in $TAG_0_0$!;;;;;;;;;x;;
RESEARCH_NEWS_LARGE2;Cientistas $TAG_0_0_ADJ$ anunciaram ontem que, após meses de pesquisas dedicadas e focadas, um novo avanço no campo da $STRING_0_1$ foi feito. Espera-se que os empreendedores e o governo do(a) $TAG_0_0$ em breve comecem a colocar em prática esse novo conhecimento adquirido, aplicando-o de maneira prática em todo o país.;;$TAG_0_0_ADJ$e Wissenschaftler verkündeten gestern nach Monaten konzentrierter und engagierter Forschung einen bahnbrechenden Erfolg im $STRING_0_1$-Forschungsfeld. Es wird erwartet, dass Unternehmer und Regierung in  $TAG_0_0$ schon bald die neuen Erkenntnisse gewinnbringend in der gesamten Nation einsetzen.;;;;;;;;;x;;
RESEARCH_NEWS_TITLE_MEDIUM2;Avanço no(a) $TAG_0_0$!;;Durchbruch in $TAG_0_0$!;;;;;;;;;x;;
RESEARCH_NEWS_MEDIUM2;Cientistas $TAG_0_0_ADJ$ anunciaram um avanço no campo da $STRING_0_1$. Esse novo conhecimento logo será aplicado de maneira prática, disse um dos pesquisadores.;;$TAG_0_0_ADJ$e Wissenschaftler verkündeten einen bahnbrechenden Erfolg im $STRING_0_1$-Forschungsfeld. Die neuen Erkenntnisse werten laut einem der Forscher schon bald gewinnbringend eingesetzt werden.;;;;;;;;;x;;
RESEARCH_NEWS_TITLE_SMALL2;Avanço no(a) $TAG_0_0$!;;Durchbruch in $TAG_0_0$!;;;;;;;;;x;;
RESEARCH_NEWS_SMALL2;Cientistas $TAG_0_0_ADJ$ anunciaram recentemente um avanço no campo da $STRING_0_1$.;;$TAG_0_0_ADJ$e Wissenschaftler verkündeten kürzlich einen bahnbrechenden Erfolg im $STRING_0_1$-Forschungsfeld.;;;;;;;;;x;;
INVENTION_NEWS_TITLE_LARGE2;Nova patente!;;Neues Patent!;;;;;;;;;;;x
INVENTION_NEWS_LARGE2;Relatório de Ciência: melhorias e inovações no campo da $STRING_0_1$ foram patenteadas e registradas por pesquisadores do(a) $TAG_0_0$. A documentação desses avanços, embora atualmente um segredo mantido a portas fechadas, deve se espalhar progressivamente para outras terras e, com o tempo, contribuir para o progresso da ciência no mundo.;;Forschungsbericht: Verbesserungen und Innovationen im Feld von $STRING_0_1$ wurden von Forschern in $TAG_0_0$ patentiert und eingetragen. Es wird damit gerechnet, dass die Dokumentation dieser Fortschritte trotz bisheriger strenger Geheimhaltung in anderen Ländern weite Verbreitung finden wird und dem wissenschaftlichen Fortschritt der gesamten Welt nutzen wird.;;;;;;;;;;;x
INVENTION_NEWS_TITLE_MEDIUM2;Nova patente!;;Neues Patent!;;;;;;;;;;;x
INVENTION_NEWS_MEDIUM2;Melhorias e inovações no campo da $STRING_0_1$ foram registradas no Escritório Nacional de Patentes do(a) $TAG_0_0$. ;;Verbesserungen und Innovationen im Feld von $STRING_0_1$ wurden im Nationalen Patentamt in $TAG_0_0$ eingetragen.;;;;;;;;;;;x
INVENTION_NEWS_TITLE_SMALL2;Nova patente!;;Neues Patent!;;;;;;;;;;;x
INVENTION_NEWS_SMALL2;Novas melhorias e inovações no campo da $STRING_0_1$ foram patenteadas no(a) $TAG_0_0$. ;;Neue Verbesserungen und Innovationen im Feld von $STRING_0_1$ wurden in $TAG_0_0$ patentiert.;;;;;;;;;;;x 
EDITORIAL_ABSMON;Editorial: por que é certo e apropriado odiar os anti-legitimistas - a própria providência exige isso!;;Redaktionelles: warum es richtig und angemessen ist, Anti-Legitimisten zu hassen – die Weitsicht verlangt es!Tunichtgute würden Bauerngesindel sich selbst regieren lassen (weiter auf S. 10);;;;;;;;;x;;
EDITORIAL_PRUCON;Editorial: por que é certo odiar os reformistas de todos os tipos - a ordem natural exige isso! Ora, esses especuladores liberais e cosmopolitas governariam nossa nação como um bordel (veja página 10);;Redaktionelles: warum es richtig ist, Reformisten aller Couleur zu hassen – die Natur gebietet es! Liberale Spekulanten und Kosmopoliten würden unsere Nation wie Bordell führen (mehr auf S. 10);;;;;;;;;x;;
EDITORIAL_CONMON;Editorial: por que é certo odiar os republicanos - a estabilidade exige isso! Por que, sem uma figura de proa para sorrir benevolentemente sobre nós, a intriga e a guilhotina vão nos destruir (página 10);;Redaktionelles: warum es richtig ist, Republikaner zu hassen – Stabilität verlangt es! Ohne gütig auf uns herablächelnden Repräsentanten werden Intrigen und Guillotine unser Ende sein (S. 10);;;;;;;;;x;;
EDITORIAL_DEMOCRACY;Editorial: por que é certo odiar revolucionários de todos os tipos - porque eles não podem ser subornados! Por que homens de tal zelo e ridículo doutrinismo não mostram respeito pelo estado de direito (pág. 10);;Redaktionelles: warum es richtig ist, Revolutionäre aller Couleur zu hassen – sie sund unbestechlich! Männer mit solchem Eifer und starren Doktrinen haben keinerlei Respekt vor Gesetz (S. 10);;;;;;;;;x;;
EDITORIAL_PRESDICT;Editorial: por que é certo odiar subversivos - o presidente exige isso! Ora, esses criminosos só ontem vandalizaram grosseiramente uma estátua de mármore de sua excelência na capital (ver página 10);;Redaktionelles: warum es richtig ist, Staatsfeinde zu hassen – Präsident verlangt es! Erst gestern haben diese Kriminellen Statue Seiner Exzellenz in Hauptstadt schändlich vandalisiert (S. 10);;;;;;;;;x;;
EDITORIAL_BOURDICT;Editorial: por que é certo odiar os pobres - seu próprio interesse racional exige isso! Ora, essas pessoas parasitas escolhem ser pobres. Mostre piedade a eles por sua conta e risco. (veja a página 10);;Redaktionelles: warum es richtig ist, die Armen zu hassen – der rationale Egoismus verlangt es! Dieser parasitäre Abschaum hat die Armut gewählt. Mitleid auf eigenes Risiko. (mehr auf S. 10);;;;;;;;;x;;
EDITORIAL_PROLDICT;Editorial: por que é certo odiar os parasitas - o partido exige isso! Ora, até mesmo o mais humilde padeiro da aldeia é um explorador das massas. Erradicar os ricos nos libertará (veja a página 10);;Redaktionelles: warum es richtig ist, Parasiten zu hassen – die Partei verlangt es! Selbst kleinster Dorfbäcker nutzt Massen aus. Die Reichen auszumerzen, wird uns befreien (mehr auf S. 10).;;;;;;;;;x;;
EDITORIAL_FASCDICT;Editorial: por que é certo odiar os parasitas - o partido exige isso! Ora, até mesmo o mais humilde padeiro da aldeia é um explorador das massas. Erradicar os ricos nos libertará (veja a página 10);;Redaktionelles: warum es richtig ist, Parasiten zu hassen – die Partei verlangt es! Selbst kleinster Dorfbäcker nutzt Massen aus. Die Reichen auszumerzen, wird uns befreien (mehr auf S. 10).;;;;;;;;;x;;
FAKE_UNKNOWN;O jovem escritor Ellis Bell escreveu insights intrigantes sobre casos de amor no pântano de Yorkshire em Wuthering Heights. Estamos ansiosos para continuar a trabalhar por este jovem.;;Der junge Schriftsteller Ellis Bell schrieb faszinierende Einsichten in Liebesdinge im Moor von Yorkshire in Wuthering Heights. Wir freuen uns auf weitere Arbeiten dieses jungen Mannes.;;;;;;;;;x;;
FAKE_UNKNOWN;Escândalo literatura! O autor de Wuthering Heights, Ellis Bell, é na verdade uma mulher chamada Emily Brontë! ;;Literaturskandal! Wuthering Heights Autor Ellis Bell ist in Wirklichkeit eine Frau namens Emily Brontë! Popularität des Romans ungebrochen, Londons Frauenherzen schmachten nach Heathcliff.;;;;;;;;;x;;
FAKE_UNKNOWN;O tradutor de Mil e Uma Noites e o Kamasutra, Richard Francis Burton, infiltrou-se no Hajj em Meca. Relatório de viagem exclusivo na página 10.;;Der Übersetzer von Tausendundeine Nacht und dem Kamasutra, Richard Francis Burton, infiltrierte den Haddsch in Mekka. Exklusiver Reisebericht auf Seite 10.;;;;;;;;;x;;
FAKE_UNKNOWN;A atriz Virginia Rappe foi encontrada morta na suíte do hotel Fatty Arbuckle em Nova York. É hora de controlar os playboys de Hollywood e seus filmes degenerados antes que eles arruínem os valores morais de nossa nação.;;Schauspielerin Virginia Rappe tot in Fatty Arbuckles Hotelsuite in New York aufgefunden. Zeit, die Playboys und dekadenten Filme Hollywoods zu zügeln, oder die Moral der Nation geht zugrunde.;;;;;;;;;x;;
FAKE_UNKNOWN;A nova composição de George Gershwin, Rhapsody in Blue, mistura estilos clássicos e jazzísticos para criar uma ponte sofisticada, ainda que divertida, de velhos e novos sons condizentes com a nossa era moderna.;;George Gershwins neue Komposition Rhapsody in Blue vermischt klassische Elemente mit Jazz, um eine verspielte Brücke zw. alter und neuer Musik zu schlagen, die zu unserer modernen Zeit passt.;;;;;;;;;x;;
FAKE_UNKNOWN;F. Scott e Zelda Fitzgerald deixam Nova York para buscar um futuro mais brilhante na comunidade norte-americana de expatriados em Paris. Parece que todos os americanos mais talentosos acabam em Paris.;;F. Scott und Zelda Fitzgerald verlassen New York, um eine bessere Zukunft in der amerik. Gemeinschaft in Paris zu suchen. Scheinbar landen alle talentierten Amerikaner neuerdings in Paris.;;;;;;;;;x;;
FAKE_UNKNOWN;Em mais um efeito colateral involuntário da proibição do álcool da Lei Volstead, os americanos são pioneiros em uma variedade de novos coquetéis, em uma tentativa de tornar o álcool pirata palatável.;;Ein weiterer Seiteneffekt des Alkoholverbots des Valstead Acts: Amerikaner sind wegweisend in der Erfindung neuer Cocktails, um schwarzgebrannten Alkohol trinkbar zu machen.;;;;;;;;;x;;
FAKE_Cthulhu;Ph'nglui mglw'nafh Cthulhu R'lyeh wgah'nagl fhtagn;;Ph'nglui mglw'nafh Cthulhu R'lyeh wgah'nagl fhtagn;;;;;;;;;x;;
some_fake_1836_title_12;Flores de cerejeira;;Kirschblüten;;;;;;;;;;;x
some_fake_1836_12;O governo japonês decide que a nova cor nacional será a de uma flor de cerejeira, pois representa melhor o caráter nacional desse país maravilhoso. Chamá-lo de rosa é proibido.;;Regierung Japans wählt die Farbe von Kirschblüten als neue Nationalfarbe, die den wunderbaren Charakter der Nation am besten wiederspiegelt. Es ist verboten, die Farbe 'rosa' zu nennen.;;;;;;;;;;;x 
some_fake_1836_title_13;O bom rio;;Der gute Fluss;;;;;;;;;;;x
some_fake_1836_13;"Uma equipe de cartógrafos americanos especializados fornece os desenhos mais precisos do ""bom"" rio Ohio até o momento, para serem incluídos em futuros mapas locais e internacionais. Mais rios a seguir.";;Team amerik. Kartographie-Experten präsentiert aktuellste Zeichnungen des 'guten' Ohio-Flusses, die in nationalen und internationalen Karten verwendet werden. Weitere Flüsse werden folgen.;;;;;;;;;;;x
some_fake_1836_title_14;Jan Mayen;;Jan Mayen;;;;;;;;;;;x
some_fake_1836_14;Inexplicavelmente, um grande número de migrantes foi transferido recentemente para a ilha árida de Jan Mayen, no Oceano Ártico. 'Estávamos cansados de todo aquele barulho', revelou um dos pioneiros.;;Unglaublich viele Migranten sind laut Berichten kürzlich auf die karge Insel Jan Mayen im Arktischen Ozean gezogen. 'Wir hatten den Lärm satt', sagte einer der Pioniere.;;;;;;;;;;;x 
some_fake_1880_title_8;Lei dos Lunáticos;;Geisteskranken-Verordnung;;;;;;;;;;;x
some_fake_1880_8;A legislação recente exige que os armadores paguem uma multa, caso o navio que desembarca desembolsasse nos portos deste país uma pessoa ou pessoas avaliadas como lunáticas, idiotas ou condenadas.;;Neue Gesetzesverordnung belegt Schiffseigner mit einer Geldstrafe, wenn sie Menschen die geisteskrank, Idioten oder Sträflinge sind, mit ihrem Schiff in die Häfen dieses Landes entladen.;;;;;;;;;;;x 
some_fake_1890_title_8;Os 55 sortudos ;;Die Glücklichen 55;;;;;;;;;;;x
some_fake_1890_8;"Cinquenta e quatro vencedores confirmados da loteria estadual dividiram entre si uma quantia recorde de prêmios em dinheiro. ""Não consigo encontrar meu bilhete!"", reclama o quinquagésimo quinto sorteado.";;54 bestätigte Gewinner der Staatslotterie teilen sich Rekordgewinn. 'Ich kann mein Los nicht finden!', beklagt der unglückliche 55. Gewinner.;;;;;;;;;;;x 
some_fake_1910_title_11;Embuste de Dreadnought;;Schlachtschiff-Humbug;;;;;;;;;;;x
some_fake_1910_11;Um grupo de jovens aristocratas, disfarçado como uma delegação do príncipe abissínio, com turbantes e rostos enegrecidos, engana a liderança privada da nau capitânia da Marinha Real.;;Gruppe junger Aristokraten, verkleidet als Delegation des abessinischen Prinzen, mit Turbanen und geschwärzten Gesichtern, erschwindelt private Führung durch Flagschiff der königl. Marine.;;;;;;;;;;;x 
some_fake_1910_title_12;Rádios matando a cultura?;;Zerstören Radios die Kultur?;;;;;;;;;;;x
some_fake_1910_12;A rádio surgiu recentemente, causando preocupações de que mataria a sociedade e a socialização. Os proponentes dizem que somente transmissões inteligentes e instigantes serão consideradas.;;Mit Einführung des Radios wächst die Sorge um den Fortbestand der Gesellschaft und Sozialisation. Befürworter betonen, dass nur zum Nachdenken anregende, intelligente Sendungen geplant werden.;;;;;;;;;;;x 
some_fake_1910_title_13;Revolta da Chibata;;Der Peitschen-Aufstand;;;;;;;;;;;x
some_fake_1910_13;Tripulantes negros do motim da Marinha do Brasil contra seus oficiais brancos. Eles ameaçam atirar contra o Rio de Janeiro se o abuso racial e a violência física contra os escalões inferiores não forem abolidos.;;Schwarze Besatzung der brasil. Marine meutert gegen ihre weißen Offiziere. Sie fordern Ende der Rassendiskriminierung und körperlichen Gewalt gg. Untergebene oder Rio de Janeiro werde brennen.;;;;;;;;;;;x 
some_fake_1920_title_13;Partido da Reforma do Vestuário dos Homens;;Partei zur Reform von Männerkleidung;;;;;;;;;;;x
some_fake_1920_13;"O movimento encoraja os homens a parecerem mais bonitos e limpos. ""Muitos membros querem calças curtas, alguns kilts, quase todos odeiam calças compridas."" O PRVH também recusa os chapéus.";;Neue Bewegung fordert Männer zu ansehnlicherer und sauberer Kleidung auf. 'Viele Mitglieder wünschen sich kurze Hosen, manche Kilts, fast alle hassen lange Hosen.' MDRP lehnt auch Hüte ab.;;;;;;;;;;;x
dino_fake_1830_title_1;Ornitologia;;Ornithichnologie;;;;;;;;;; ;x
dino_fake_1830_1;Prof Hitchcock relata faixas fósseis de aves descobertas perto do rio Connecticut, em Massachusetts. Algumas das marcas dos pés indicam que foram feitas por algumas espécies enormes de aves ...;;Prof. Hitchcock meldet Entdeckung von Fossilienspuren von Vögeln nahe des Connecticut-Flusses, Massachusetts. Einige Spuren deuten auf riesige Vogelart hin…;;;;;;;;;;;x
dino_fake_1830_title_2;Plateosaurus;;Plateosaurus;;;;;;;;;;;x
dino_fake_1830_2;Em homenagem ao Dr. Engelhardt, descobridor original dos restos mortais, o Dr. von Meyer nomeou um novo gigante sauriano como Plateosaurus Engelhardt. Parece estar relacionado com Iguanodon e Megalosaurus.;; Zu Ehren des Entdeckers Dr. Engelhardt nannte Dr. von Meyer einen neuen riesigen Saurier 'Plateosaurus engelhardti'. Er scheint mit Iguanodon und Megalosaurus verwandt zu sein.;;;;;;;;;;;x
dino_fake_1830_title_3;Thecodontosaurus;;Thecodontosaurus;;;;;;;;; ;;x
dino_fake_1830_3;Este dinossauro incomum tinha dentes em cavidades dentárias, não como répteis modernos diretamente conectados à mandíbula, como o Dr. Rilez e dr. Stutchbury, descobridor do lagarto, diz.;;Dieser ungewöhnliche Saurier besaß Zähne in Zahnhöhlen, nicht wie moderne Reptilien direkt mit dem Kiefer verbundene, wie Dr. Rilez und Dr. Stutchbury, Entdecker der Eidechse, sagen.;;;;;;;;;;;x
dino_fake_1830_title_4;Poekilopleuron;;Poekilopleuron;;;;;;;;;;; x
dino_fake_1830_4;Dr. Eudes-Deslongchamps relata um novo dinossauro devido aos achados vertebrais, costelas e membros. Ele acredita que o animal está relacionado ao Megalossauro.;;Dr. Eudes-Deslongchamps meldet aufgrund von Wirbel-, Rippen- und Gliedmaßen-Funden einen neuen Saurier. Er glaubt, das Tier ist mit dem Megalosaurus verwandt.;;;;;;;;;;;x
dino_fake_1840_title_1;Dinosauria;;Dinosauria;;;;;;;;;;;x
dino_fake_1840_1;Dinosauria é o nome que o Prof. Owen propôs para a espécie de Saurianos que inclui Megalosaurus, Allosaurus e Iguanodon. Estes dinossauros são notáveis pelo seu tamanho grande.;; Prof. Owen schlug für die Sauriergattung, der Megalosaurus, Hylaeosaurus und Iguanodon angehören, den Namen Dinosauria vor. Ihre Größe ist bemerkenswert.;;;;;;;;;;;x
dino_fake_1840_title_2;Cetiosaurus;;Cetiosaurus;;;;;;;;;;;x
dino_fake_1840_2;"Um novo gigante reptiliano que vive no mar foi descoberto. O Prof. Owen nomeou Cetiossauro, que significa ""lagarto de baleia"".";; Neue Entdeckung eines riesigen, aquatischen Reptil-Fossils. Prof. Owen nannte es Cetiosaurus, was “Wal-Echse” bedeutet.;;;;;;;;;;;x
dino_fake_1840_title_3;Cardiodon;;Cardiodon;;;;;;;;;;;x
dino_fake_1840_3;Um único dente em forma de coração foi descoberto em Wiltshire, Inglaterra. O Prof. Owen decidiu após sua análise batizar de Cardiodon.;;Ein einzelner, herzförmiger Zahn wurde in Wiltshire, England entdeckt. Prof. Owen entschloss sich nach seiner Analyse, ihn Cardiodon zu taufen.;;;;;;;;;;;x
dino_fake_1840_title_4;Regnosaurus;;Regnosaurus;;;;;;;;;;;x
dino_fake_1840_4;Depois de encontrar alguns ossos da mandíbula dos Iguanodons, Dr. Mantell cometeu um erro em sua atribuição anterior de uma mandíbula e agora a descreve como uma espécie separada.;;Nach dem Fund einiger Kieferknochen des Iguanodons vermutete Dr. Mantell einen Fehler in seiner vorherigen Zuordnung eines Kiefers zu diesem Biest und beschreibt ihn nun als separate Spezies.;;;;;;;;;;;x
dino_fake_1840_title_5;Dinosauria?;;Dinosauria?;;;;;;;;;;;x
dino_fake_1840_5;"O biólogo Richard Owen criou as primeiras esculturas em tamanho natural de répteis gigantescos e extintos cujos fósseis foram descobertos na África do Sul e na Nova Zelândia. Ele a chama de ""Dinosauria"".";;Biologe Richard Owen erstellt erste lebensgroße Skulpturen von ausgestorbenen, gigantischen Reptilien, deren Fossilien in Südafrika und Neuseeland entdeckt wurden. Er nennt sie 'Dinosauria'.;;;;;;;;;;;x
dino_fake_1850_title_1;Dinossauros na América;;Dinosaurier in Amerika;;;;;;;;;;;x
dino_fake_1850_1;Dr. Leidy descreveu dois novos dinossauros da América chamados Trachodon e Deinodon. Outros lagartos subordinados chamados Palaeoscincus e Troodon também foram descobertos.;;Dr. Leidy beschrieb zwei neue Dinosaurier aus Amerika, namens Trachodon und Deinodon. Weitere untergeordnete Echsen namens Palaeoscincus und Troodon wurden ebenfalls entdeckt.;;;;;;;;;;;x
dino_fake_1850_title_2;Hadrosaurus;;Hadrosaurus;;;;;;;;;;;x
dino_fake_1850_2;Este novo dinossauro parece estar relacionado com o Iguanodon. Leidy suspeita que o animal tenha se sustentado em uma postura ereta bípede.;;Dieser neue Dinosaurier scheint mit dem Iguanodon verwandt zu sein. Dr. Leidy vermutet bei dem Tier einen aufrechten Gang auf zwei Beinen.;;;;;;;;;;;x
dino_fake_1860_title_1;Compsognathus;;Compsognathus;;;;;;;;;;;x
dino_fake_1860_1;Uma nova espécie de sáurio foi encontrada e foi nomeada Compsognathus. O Dr. Wagner diz que o lagarto nos lembra um pouco dos pássaros, mas essa relação não pode ser justificada.;;Neue Saurierspezies entdeckt und Compsognathus getauft. Dr. Wagner sagt, die Echse erinnere fern an Vögel, doch ein solcher Bezug sei nicht erwiesen.;;;;;;;;;;;x
dino_fake_1860_title_2;Archaeopteryx;;Archaeopteryx;;;;;;;;;;;x
dino_fake_1860_2;Uma pena finamente fossilizada foi descoberta e o Dr. von Meyer nomeou-a Archaeopteryx, que significa antiga pena ou asa.;;Ein perfektes Fossil einer Feder wurde entdeckt und Dr. Wagner taufte sie Archaeopteryx, was für eine altertümliche Feder oder einen Flügel steht.;;;;;;;;;;;x
dino_fake_1860_title_3;johnstoni, Astrodon johnstoni!;;johnstoni, Astrodon johnstoni!;;;;;;;;;;;x
dino_fake_1860_3;Depois que o Dr. Johnston nomeou alguns dentes saurianos como Astrodon, o Dr. Leidy agora completa o nome e lhe dá um epíteto específico em sua homenagem.;;Nachdem Dr. Johnston einige Saurierzähne als Astrodon bezeichnete, vollendet Dr. Leidy nun den Namen zu dessen Ehren mit diesem spezifischen Beinamen.;;;;;;;;;;;x
dino_fake_1860_title_4;Laelaps;;Laelaps;;;;;;;;;;;x
dino_fake_1860_4;Professor Cope anuncia a descoberta de um dinossauro gigante, predador e temível, relacionado ao Megalossauro e ao Dinodon.;;Professor Cope verkündet die Entdeckung eines furchterregenden, räuberischen, riesigen Dinosauriers, der mit Megalosaurus und Dinodon verwandt ist.;;;;;;;;;;;x
dino_fake_1860_title_5;Elasmosaurus;;Elasmosaurus;;;;;;;;;;;x
dino_fake_1860_5;E. D. Cope relata um novo Enaliossauro, que está relacionado ao Plesiossauro, mas tem uma cauda muito mais longa.;;E.D. Cope meldet einen neuen Enaliosaurus, der mit dem Plesiosaurus verwandt ist, aber einen viel längeren Schwanz hat.;;;;;;;;;;;x
dino_fake_1860_title_6;Archaeopteryx;;Archaeopteryx;;;;;;;;;;;x
dino_fake_1860_6;"Fósseis de Archaeopteryx descobertos na Baviera. Descrito como ""o primeiro pássaro"" e ""o elo perdido entre dinossauros e pássaros"", constitui a prova que Darwin precisava para validar sua teoria.";;Archaeopteryx-Fossilien in Bayern gefunden. Die 'ersten Vögel' bilden 'fehlende Verbindung zwischen Dinosauriern und Vögeln' und liefern den Beweis, den Darwin für seine Theorie brauchte.;;;;;;;;;;;x
dino_fake_1860_title_7;Hypselosaurus;;Hypselosaurus;;;;;;;;;;;x
dino_fake_1860_7;Matheron relata sobre vértebras e fragmentos de ovos gigantes de um provável sauriano aquático que ele nomeia como Hypselosaurus da bacia de Fuveau.;;Mr. Matheron meldet Funde von Wirbelknochen und gigantischen Eifragmenten eines womöglich aquatischen Sauriers im Fuveau-Becken, den er Hypselosaurus taufte.;;;;;;;;;;;x
dino_fake_1870_title_1;GUERRA!;;KRIEG!;;;;;;;;;;;x
dino_fake_1870_1;Depois que o Dr. Marsh relatou abertamente ao público o erro do Dr. Cope em colocar a cabeça do Elasmosaurus na sua cauda, eles se tornaram inimigos jurados e uma competição científica feroz já começou.;;Dr. Marshs Veröfentlichung, dass Dr. Cope den Kopf des Elasmosaurus irrtümlich am Schwanzende anbrachte, machte sie zu Erzrivalen und ein erbitterter wissenschaftl. Wettstreit hat begonnen.;;;;;;;;;;;x
dino_fake_1870_title_2;Mais sobre Archaeopteryx;;Mehr zum Archaeopteryx;;;;;;;;;;;x
dino_fake_1870_2;Novos fósseis do pássaro primitivo Archaeopteryx mostram características reptilianas chocantes como garras e dentes. Os evolucionistas estão fazendo um grande negócio com essas descobertas e chamam isso de elo perdido.;;Neue Fossilien des primitiven Vogels Archaeopteryx zeigen schockierende Reptilienmerkmale wie Klauen und Zähne. Evolutionisten reißen sich um die Entdeckung, sie sei ein fehlender Link.;;;;;;;;;;;x
dino_fake_1870_title_3;Insanidade do Prof. Huxley!;;Prof. Huxleys Wahnsinn!;;;;;;;;;;;x
dino_fake_1870_3;Muitos paleontólogos proeminentes temem pelo estado mental do Prof. Huxley depois que ele propôs outra alegação evolucionista ridícula: ele diz que dinossauros reptilianos e pássaros estão relacionados!;;Viele bekannte Paläontologen fürchten um Prof. Huxleys Geisteszustand, nachdem er eine weitere lächerliche Evolutionstheorie vortrug: er sagt, reptilische Dinosaurier und Vögel sind verwandt!;;;;;;;;;;;x
dino_fake_1870_title_4;Stegosaurus;;Stegosaurus;;;;;;;;;;;x
dino_fake_1870_4;Um novo tipo de tartaruga estranha e enorme foi descoberto no oeste norte-americano. Prof. Marsh chamou de Stegosaurus, ou seja, lagarto coberto.;;Eine neue Art einer merkwürdigen, gigantischen Schildkröte wurde im Westen Nordamerikas entdeckt. Prof. Marsh nennt sie Stegosaurus, was soviel wie überdachte Eidechse heisst.;;;;;;;;;;;x
dino_fake_1870_title_5;Pteranodon;;Pteranodon;;;;;;;;;;;x
dino_fake_1870_5;Uma descoberta inovadora por O.C. Marsh. As criaturas transportadas pelo ar, cujos fósseis foram encontrados na América do Norte, ao contrário de qualquer outra espécie de pterossauro, parecem ter faltado inteiramente aos dentes.;;Bahnbrechende Entdeckung von O.C. Marsh. In Nordamerika gefundene Fossilien von fliegenden Kreaturen hatten, im Gegensatz zu anderen Pterosaurus-Arten, keine Zähne.;;;;;;;;;;;x
dino_fake_1870_title_6;Agathaumas;;Agathaumas;;;;;;;;;;;x
dino_fake_1870_6;"Segundo a E.D. Cope encontra-se em uma formação de carvão em Wyoming, ""o naufrágio de um príncipe entre os gigantes"", sem dúvida o maior animal terrestre descoberto até hoje.";;Laut E.D. Cope liegt in einer Kohleformation in Wyoming 'das Wrack eines Prinzen unter den Giganten', zweifelsohne das bislang größte, entdeckte Landtier.;;;;;;;;;;;x
dino_fake_1870_title_7;Trabalhando na Bacia Bridger;;Arbeiten in Bridger Basin;;;;;;;;;;;x
dino_fake_1870_7;Marsh, Cope e Leidy mudam-se para Bacia Bridger, Wyoming. Apesar dos campos vizinhos, os três principais paleontólogos não trocam uma palavra.;;Marsh, Cope und Leidy verlagern Ausgrabungsarbeiten nach Bridger Basin, Wyoming. Trotz benachbarter Lager wechseln die drei führenden Paläontologen kein Wort miteinander.;;;;;;;;;;;x
dino_fake_1870_title_8;Voto de não confiança;;Misstrauensvotum;;;;;;;;;;;x
dino_fake_1870_8;"O professor Marsh está empolgado com sua eleição para a prestigiosa Academia Nacional de Ciências. O professor Cope foi o único membro da academia a votar ""não"".";;Professor Marsh erfreut über seine Wahl in anerkannte Nationale Akademie der Wissenschaften. Laut Meldungen votierte Professor Cope als einziges Akademiemitglied mit 'Nein'.;;;;;;;;;;;x
dino_fake_1870_title_9;Hesperornis;;Hesperornis;;;;;;;;;;;x
dino_fake_1870_9;Professor Marsh anuncia a descoberta dos Hesperornis, uma criatura marinha grande, quase sem asas, com pernas traseiras poderosas e um bico com dentes, para caçar presas debaixo d'água.;;Professor Marsh verkündet Entdeckung des Hesperornis, eine große, fast flügellose Seekreatur, mit kraftvollen Hinterläufen und einem Schnabel mit Zähnen, für die Beutejagd unter Wasser.;;;;;;;;;;;x
dino_fake_1870_title_10;Pântano entre os Sioux;;Marsh bei den Sioux;;;;;;;;;;;x
dino_fake_1870_10;Em sua excursão mais ousada até o momento, o professor Marsh e seu grupo cruzaram o território Sioux para alcançar os locais de escavação mais promissores no Badlands do Rio Branco, em Dakota do Sul.;;Bei der bislang gewagtesten Exkursion dringen Prof. Marsh und sein Team in Gebiet der Sioux vor, um vielversprechende Ausgrabungsorte in den White River Badlands, South Dakota, zu erreichen.;;;;;;;;;;;x
dino_fake_1870_title_11;O acampamento de Marsh foi invadido!;;Überfall auf Marshs Lager!;;;;;;;;;;;x
dino_fake_1870_11;O.C. Marsh e seu grupo escaparam por pouco de um ataque do grupo de guerra indiano contra seu acampamento. Sua retirada apressada não impediu a proteção de quase duas toneladas de ossos escavados.;;Laut Meldungen entkamen O.C. Marsh und seine Gruppe nur knapp einem indianischen Raubzug gegen ihr Lager. Trotz übereilter Flucht konnten fast 2 Tonnen ausgegrabener Knochen gesichert werden.;;;;;;;;;;;x
dino_fake_1870_title_12;Abundância de vertebrados;;Wirbeltiere im Überfluss;;;;;;;;;;;x
dino_fake_1870_12;Em seu retorno da expedição geológica da qual participou, o Prof. Cope relata a descoberta de dezenas de novas espécies de vertebrados na área do rio San Juan.;;Prof. Cope berichtet nach seiner Rückkehr von der geologischen Expedition, an der er teilgenommen hatte, von der Entdeckung dutzender, neuer Wirbeltierarten in der Gegend des San Juan-Flusses.;;;;;;;;;;;x
dino_fake_1870_title_13;Como Bluff;;Como Bluff;;;;;;;;;;;x
dino_fake_1870_13;O.C. Marsh revela que dois de seus agentes descobriram ossos tão grossos e longos quanto troncos na escavação em Como Bluff, Wyoming. Além de Diplodocus e Allosaurus, foram descobertas muitas espécies.;;O.C. Marsh meldet die Ausgrabung von Knochen, so dick und lang wie Baumstämme, durch zwei Mitarbeiter in Como Bluff, Wyoming. Neben Diplodocus und Allosaurus auch viele neue Arten.;;;;;;;;;;;x
dino_fake_1880_title_1;Brontossaurus?;;Brontosaurus?;;;;;;;;;;; x
dino_fake_1880_1;Desenterrado e montado pelo paleontólogo O.C. Marsh, para o olho destreinado, Brontosaurus parece suspeitamente semelhante ao já conhecido Apatosaurus. Seu crânio é completamente diferente, no entanto.;;Der von Paläontologe O.C. Marsh ausgegrabene und zusammengesetzte Brontosaurus sieht dem bekannten Apatosaurus verdächtig ähnlich. Der Schädel ist jedoch komplett anders.;;;;;;;;;;;x
dino_fake_1880_title_2;Fraude equina?;;Pferde-Betrug?;;;;;;;;;;;x
dino_fake_1880_2;"E.D. Cope acusa O.C. Marsh de roubar a pesquisa de Kowalevsky na genealogia e evolução do cavalo. ""O que é novo, não está correto, o que é correto não é novo"", conclui.";;E.D. Cope beschuldigt O.C. Marsh, Kowalevskys Forschungen zu Abstammung und Evolution der Pferde gestohlen zu haben. 'Die neuen Informationen sind falsch, die richtigen nicht neu', beklagt er.;;;;;;;;;;;x
dino_fake_1880_title_3;Resposta de Marsh;;Marsh kontert;;;;;;;;;;;x
dino_fake_1880_3;"O.C. Marsh escreveu em resposta aos ataques de seus rivais: ""Kowalevsky tem pelo menos dores de consciência e terminou sua carreira desajeitada com uma bala. Cope vive sem remorso.";;O.C. Marsh schrieb als Antwort auf die Attacken seiner Rivalen: 'Kowalevsky hat zumindest Gewissensbisse und beendete seine missliche Karriere mit einer Kugel. Cope lebt ohne Reue weiter.';;;;;;;;;;;x
dino_fake_1880_title_4;Bíblia de Cope;;Copes Bibel;;;;;;;;;;;x
dino_fake_1880_4;"Professor E.D. Cope publica o trabalho de sua vida - ""Os Vertebrados das Formações Terciárias do Ocidente"", um volume de mil páginas oferecendo o estudo mais abrangente do assunto.";;Prof. E.D. Cope veröffentlicht sein Lebenswerk – 'Wirbeltiere der Tertiär-Formationen im Westen', eine tausend Seiten umfassende, umfangreiche Untersuchung des Themas.;;;;;;;;;;;x
dino_fake_1880_title_5;Cope x Marsh;;Copes Marshiana;;;;;;;;;;;x
dino_fake_1880_5;Cope reúne um relato copioso dos erros científicos e práticas antiéticas de Marsh, entrevistando seus funcionários antigos e atuais, para serem usados para arruinar a reputação científica de Marsh.;;Cope sammelt umfangreiches Material zu Marshs wissenschaftlichen Fehlern und unethischen Praktiken durch Interviews mit früheren und aktuellen Mitarbeitern, um Marshs Reputation zu ruinieren.;;;;;;;;;;;x
dino_fake_1880_title_6;Iguanodon, Iguanodon em todos os lugares!;;Iguanodons, überall Iguanodons!;;;;;;;;;;;x
dino_fake_1880_6;Na cidade de Bernissart, uma enorme quantidade desses dinossauros foi descoberta. O Dr. Dollo os estudou e concluiu que o animal era um bípede, como o Dr. Mantell propôs há muitos anos.;;Enorme Anzahl dieser Dinosaurier in der Stadt Bernissart entdeckt. Dr. Dollo kommt in Studien zu dem Schluss, dass das Tier zweibeinig lief, wie Dr. Mantell vor einigen Jahren vermutete.;;;;;;;;;;;x
dino_fake_1880_title_7;A classificação dos dinossauros;;Die Klassifizierung von Dinosauria;;;;;;;;;;;x
dino_fake_1880_7;Depois de algumas classificações anteriores, o Prof. Seeley propôs agora que os dinossauros sejam classificados de acordo com a pélvis. Surgem então dois grupos, Saurísquios e Ornitísquios.;;Nach vorhergehenden Klassifizierungen schlug Prof. Seeley nun vor, Dinosaurier aufgrund ihres Beckenbaus einzuordnen. Dies führt zu zwei Gruppen: Saurischia und Ornitischia.;;;;;;;;;;;x
dino_fake_1880_title_8;Notícias sobre o Estegossauro;;Neues vom Stegosaurus;;;;;;;;;;;x
dino_fake_1880_8;Depois que mais material foi encontrado para o estegossauro, o professor Marsh agora acha que o animal é um novo tipo incomum de dinossauro.;;Mit dem Fund weiteren Materials glaubt Prof. Marsh nun, dass der Stegosaurus eine neue, ungewöhnliche Dinosaurierart ist.;;;;;;;;;;;x
dino_fake_1880_title_9;Saurópodes;;Sauropoden;;;;;;;;;;;x
dino_fake_1880_9;Este novo grupo de dinossauros excede em muito o tamanho dos maiores animais terrestres conhecidos. Atlantossauro, Titanossauro, Morossauro, Apatossauro e Diplodocus são alguns deles.;;Diese neue Dinosaurier-Gruppe überragt alle bekannten Landtiere bei Weitem in Körpergröße. Atlantosaurus, Titanosaurus, Morosaurus, Apatosaurus und Diplodocus sind einige von ihnen.;;;;;;;;;;;x
dino_fake_1880_title_10;Ceratops;;Ceratops;;;;;;;;;;;x
dino_fake_1880_10;Um novo tipo de dinossauro com chifres foi descoberto pelo Prof. Marsh. Este animal mostra que a diversidade desses grandes saurianos é maior do que se suspeitava.;;Neue Art gehörnter Dinosaurier von Prof. Marsh entdeckt. Das Tier beweist, dass die Artenvielfalt dieser riesigen Saurier größer ist als angenommen.;;;;;;;;;;;x
dino_fake_1880_title_11;Allosaurus;;Allosaurus;;;;;;;;;;;x
dino_fake_1880_11;Este grande dinossauro carnívoro certamente saiu de algum pesadelo. O crânio com seus grandes dentes é aterrorizante, relata O.C. Marsh.;;Dieser große, fleischfressende Dinosaurier entsprang sicher einem Albtraum. Der Schädel mit seinen riesigen Zähnen ist angsteinflößend, sagt Prof. Marsh.;;;;;;;;;;;x
dino_fake_1880_title_12;Ceratosaurus;;Ceratosaurus;;;;;;;;;;;x
dino_fake_1880_12;A descoberta de ossos metatarsos cristalizados de um dinossauro chamado Ceratosaurus aproxima pássaros e dinossauros, diz O.C. Marsh.;;Die Entdeckung ankylosierter (verschmolzener) Mittelfußknochen eines Dinosauriers namens Ceratosaurus bringt Vögel und Dinosaurier, laut O.C. Marsh, näher zusammen.;;;;;;;;;;;x
dino_fake_1880_title_13;Coelophysis;;Coelophysis;;;;;;;;;;;x
dino_fake_1880_13;"Prof. Cope informa sobre uma nova espécie de dinossauro chamado Coelophysis, que significa ""forma oca"", uma característica dos ossos dos dinossauros.";;Prof. Cope meldete eine neue Dinosaurierspezies namens Coelophysis, was soviel wie “hohle Form” bedeutet, ein Charaktermerkmal von Dinosaurierknochen.;;;;;;;;;;;x
dino_fake_1880_title_14;Amphicoelias fragillimus;;Amphicoelias fragillimus;;;;;;;;;;;x
dino_fake_1880_14;Prof. Cope descreveu uma nova espécie de dinossauro chamado Amphicoelias fragillimus. As dimensões da vértebra e do fêmur são tão grandes que o tamanho real da besta deve permanecer desconhecido.;;Prof. Cope beschrieb eine neue Dinosaurierspezies namens Amphicoelias fragillimus. Wirbel- und Oberschenkelknochen sind so riesig, dass die wahre Größe dieser Bestie nicht erahnt werden kann.;;;;;;;;;;;x
dino_fake_1880_title_15;Camarasaurus;;Camarasaurus;;;;;;;;;;;x
dino_fake_1880_15;A big saurian, this stocky beast, described by E.D. Cope, was fortunately an herbivore, saving our minds from even bigger nightmares.;;Dieses untersetzte Biest war laut Beschreibungen von E.D. Cope ein großer Saurier. Glücklicherweise ein Pflanzenfresser, was uns weitere Albträume erspart.;;;;;;;;;;;x 
dino_fake_1890_title_1;Triceratops;;Triceratops;;;;;;;;;;;x
dino_fake_1890_1;O.C. Marsh anuncia que o crânio com chifres de uma espécie que ele acreditava ser um grande e incomum mamífero do Plioceno, semelhante a um bisão, na verdade pertence a um dinossauro que ele chama de Triceratops.;;Laut O.C. Marsh gehört gehörnter Schädel, den er erst einem großen, ungewöhnlichen Säugetier, ähnlich dem Bison, zuordnete, in Wirklichkeit zu einem von ihm Triceratops getauften Dinosaurier.;;;;;;;;;;;x
dino_fake_1890_title_2;Guerra de cientistas;;Krieg der Forscher;;;;;;;;;;;x
dino_fake_1890_2;Uma série de publicações no New York Herald atacam Marsh e seus aliados políticos no USGS, após a tentativa do governo de confiscar a coleção de ossos de Copes.;;Eine Reihe von Veröffentlichungen im 'New York Herald' attackieren Marsh und seine politischen Verbündeten im USGS, nach dem Versuch der Regierung, Copes Knochensammlung zu konfiszieren.;;;;;;;;;;;x
dino_fake_1890_title_3;Corte de financiamento do USGS;;USGS-Finanzierung gekürzt;;;;;;;;;;;x
dino_fake_1890_3;À luz dos recentes relatos de má administração de fundos e favoritismo dentro do Serviço Geológico dos Estados Unidos, o Congresso cortou o financiamento da agência, dissolvendo o escritório do Paleontologista Chefe.;;Nach Meldungen von Fördermittel-Missbrauch und Vetternwirtschaft in der United States Geological Survey, kürzt Kongress die Finanzierung der Behörde und schließt Büro des Chef-Paläontologen.;;;;;;;;;;;x
dino_fake_1890_title_4;Torosaurus;;Torosaurus;;;;;;;;;;;x
dino_fake_1890_4;Este dinossauro com chifres tem uma das maiores cabeças entre os animais conhecidos. O folho no pescoço desta espécie é esticado incrivelmente longo, muito mais do que o Triceratops.;;Dieser gehörnte Dinosaurier besitzt einen der größten Köpfe unter den bekannten Tieren. Die Nackenkrause dieser Spezies ist unglaublich lang gestreckt, weit mehr als beim Triceratops.;;;;;;;;;;;x
dino_fake_1900_title_1;Cope's Skull;;Copes Schädel;;;;;;;;;;;x
dino_fake_1900_1;Segundo relatos, após sua morte, Cope doou seu crânio para ciência para ser comparado ao crânio de Marsh, medindo o intelecto de ambos os rivais e resolvendo a disputa.;;Laut Berichten spendete Cope nach seinem Tod seinen Schädel der Wissenschaft, um mit Marshs Schädel durch Messung des Intellekts beider Rivalen verglichen zu werden und den Streit beizulegen.;;;;;;;;;;;x
dino_fake_1900_title_2;Crânio do Marsh;;Marshs Schädel;;;;;;;;;;;x
dino_fake_1900_2;Marsh rejeita o desafio final de Cope, recusando-se a doar seu crânio e exigindo vingança ao condenar o crânio de seu rival a ser armazenado para sempre em uma caixa da Universidade da Pensilvânia.;;Marsh verweigert sich Copes letzter Herausforderung. Er spendet seinen Schädel nicht und übt Rache an seinem Rivalen, indem er Copes Schädel in einer Kiste in der Universität von Pennsylvania lagern lässt.;;;;;;;;;;;x 
dino_fake_1920_title_1;Velociraptor;;Velociraptor;;;;;;;;;;;x
dino_fake_1920_1;"Acredita-se que a nova espécie descoberta na Mongólia por Peter Kaisen tenha sido um caçador de matilhas inteligente. Kaisen podia ser ouvido referindo-se ao espécime recuperado como uma ""garota esperta"".";;Diese von Peter Kaisen in der Mongolei entdeckte, neue Spezies war scheinbar ein intelligenter Rudeljäger. Mr. Kaisen wird mit den Worten 'ein cleveres Mädel' zitiert.;;;;;;;;;;;x
dino_fake_1930_title_1;Nyasassauro;;Nyasasaurus;;;;;;;;;;;x
dino_fake_1930_1;Fósseis de Nyasassauro descobertos perto do Lago Nyasa no sul da Tanzânia por Francis 'Rex' Parrington. Os vestígios são muito incompletos, mas dizem que são anteriores a qualquer outro dinossauro conhecido.;;Nyasasaurus-Fossilien am See Nyasa in Süd-Tansania von Francis 'Rex' Parrington entdeckt. Die Überreste sind sehr unvollständig, sollen aber älter als alle anderen bekannten Dinosaurier sein.;;;;;;;;;;;x 
KEYNAME;TEXT;;TEXT;;;;;;;;;x;;
